Copyright 1986-2022 Xilinx, Inc. All Rights Reserved. Copyright 2022-2024 Advanced Micro Devices, Inc. All Rights Reserved.
------------------------------------------------------------------------------------------------------------------------------------------------------------------------------------------------------------------------------
| Tool Version : Vivado v.2024.2 (lin64) Build 5239630 Fri Nov 08 22:34:34 MST 2024
| Date         : Tue May 19 11:24:01 2026
| Host         : vlsilab.iitbbs.ac.in running 64-bit unknown
| Command      : report_timing_summary -max_paths 10 -report_unconstrained -file main_module_timing_summary_routed.rpt -pb main_module_timing_summary_routed.pb -rpx main_module_timing_summary_routed.rpx -warn_on_violation
| Design       : main_module
| Device       : 7a35t-cpg236
| Speed File   : -1  PRODUCTION 1.23 2018-06-13
| Design State : Routed
------------------------------------------------------------------------------------------------------------------------------------------------------------------------------------------------------------------------------

Timing Summary Report

------------------------------------------------------------------------------------------------
| Timer Settings
| --------------
------------------------------------------------------------------------------------------------

  Enable Multi Corner Analysis               :  Yes
  Enable Pessimism Removal                   :  Yes
  Pessimism Removal Resolution               :  Nearest Common Node
  Enable Input Delay Default Clock           :  No
  Enable Preset / Clear Arcs                 :  No
  Disable Flight Delays                      :  No
  Ignore I/O Paths                           :  No
  Timing Early Launch at Borrowing Latches   :  No
  Borrow Time for Max Delay Exceptions       :  Yes
  Merge Timing Exceptions                    :  Yes
  Inter-SLR Compensation                     :  Conservative

  Corner  Analyze    Analyze    
  Name    Max Paths  Min Paths  
  ------  ---------  ---------  
  Slow    Yes        Yes        
  Fast    Yes        Yes        


------------------------------------------------------------------------------------------------
| Report Methodology
| ------------------
------------------------------------------------------------------------------------------------

Rule       Severity          Description                    Violations  
---------  ----------------  -----------------------------  ----------  
TIMING-17  Critical Warning  Non-clocked sequential cell    120         
TIMING-18  Warning           Missing input or output delay  12          

Note: This report is based on the most recent report_methodology run and may not be up-to-date. Run report_methodology on the current design for the latest report.



check_timing report

Table of Contents
-----------------
1. checking no_clock (120)
2. checking constant_clock (0)
3. checking pulse_width_clock (0)
4. checking unconstrained_internal_endpoints (396)
5. checking no_input_delay (1)
6. checking no_output_delay (11)
7. checking multiple_clock (0)
8. checking generated_clocks (0)
9. checking loops (0)
10. checking partial_input_delay (0)
11. checking partial_output_delay (0)
12. checking latch_loops (0)

1. checking no_clock (120)
--------------------------
 There are 120 register/latch pins with no clock driven by root clock pin: divider/clk1_reg/Q (HIGH)


2. checking constant_clock (0)
------------------------------
 There are 0 register/latch pins with constant_clock.


3. checking pulse_width_clock (0)
---------------------------------
 There are 0 register/latch pins which need pulse_width check


4. checking unconstrained_internal_endpoints (396)
--------------------------------------------------
 There are 396 pins that are not constrained for maximum delay. (HIGH)

 There are 0 pins that are not constrained for maximum delay due to constant clock.


5. checking no_input_delay (1)
------------------------------
 There is 1 input port with no input delay specified. (HIGH)

 There are 0 input ports with no input delay but user has a false path constraint.


6. checking no_output_delay (11)
--------------------------------
 There are 11 ports with no output delay specified. (HIGH)

 There are 0 ports with no output delay but user has a false path constraint

 There are 0 ports with no output delay but with a timing clock defined on it or propagating through it


7. checking multiple_clock (0)
------------------------------
 There are 0 register/latch pins with multiple clocks.


8. checking generated_clocks (0)
--------------------------------
 There are 0 generated clocks that are not connected to a clock source.


9. checking loops (0)
---------------------
 There are 0 combinational loops in the design.


10. checking partial_input_delay (0)
------------------------------------
 There are 0 input ports with partial input delay specified.


11. checking partial_output_delay (0)
-------------------------------------
 There are 0 ports with partial output delay specified.


12. checking latch_loops (0)
----------------------------
 There are 0 combinational latch loops in the design through latch input



------------------------------------------------------------------------------------------------
| Design Timing Summary
| ---------------------
------------------------------------------------------------------------------------------------

    WNS(ns)      TNS(ns)  TNS Failing Endpoints  TNS Total Endpoints      WHS(ns)      THS(ns)  THS Failing Endpoints  THS Total Endpoints     WPWS(ns)     TPWS(ns)  TPWS Failing Endpoints  TPWS Total Endpoints  
    -------      -------  ---------------------  -------------------      -------      -------  ---------------------  -------------------     --------     --------  ----------------------  --------------------  
      5.893        0.000                      0                   73        0.185        0.000                      0                   73        4.500        0.000                       0                    47  


All user specified timing constraints are met.


------------------------------------------------------------------------------------------------
| Clock Summary
| -------------
------------------------------------------------------------------------------------------------

Clock        Waveform(ns)       Period(ns)      Frequency(MHz)
-----        ------------       ----------      --------------
sys_clk_pin  {0.000 5.000}      10.000          100.000         


------------------------------------------------------------------------------------------------
| Intra Clock Table
| -----------------
------------------------------------------------------------------------------------------------

Clock             WNS(ns)      TNS(ns)  TNS Failing Endpoints  TNS Total Endpoints      WHS(ns)      THS(ns)  THS Failing Endpoints  THS Total Endpoints     WPWS(ns)     TPWS(ns)  TPWS Failing Endpoints  TPWS Total Endpoints  
-----             -------      -------  ---------------------  -------------------      -------      -------  ---------------------  -------------------     --------     --------  ----------------------  --------------------  
sys_clk_pin         5.893        0.000                      0                   73        0.185        0.000                      0                   73        4.500        0.000                       0                    47  


------------------------------------------------------------------------------------------------
| Inter Clock Table
| -----------------
------------------------------------------------------------------------------------------------

From Clock    To Clock          WNS(ns)      TNS(ns)  TNS Failing Endpoints  TNS Total Endpoints      WHS(ns)      THS(ns)  THS Failing Endpoints  THS Total Endpoints  
----------    --------          -------      -------  ---------------------  -------------------      -------      -------  ---------------------  -------------------  


------------------------------------------------------------------------------------------------
| Other Path Groups Table
| -----------------------
------------------------------------------------------------------------------------------------

Path Group    From Clock    To Clock          WNS(ns)      TNS(ns)  TNS Failing Endpoints  TNS Total Endpoints      WHS(ns)      THS(ns)  THS Failing Endpoints  THS Total Endpoints  
----------    ----------    --------          -------      -------  ---------------------  -------------------      -------      -------  ---------------------  -------------------  


------------------------------------------------------------------------------------------------
| User Ignored Path Table
| -----------------------
------------------------------------------------------------------------------------------------

Path Group    From Clock    To Clock    
----------    ----------    --------    


------------------------------------------------------------------------------------------------
| Unconstrained Path Table
| ------------------------
------------------------------------------------------------------------------------------------

Path Group    From Clock    To Clock    
----------    ----------    --------    
(none)                                    
(none)        sys_clk_pin                 
(none)                      sys_clk_pin   


------------------------------------------------------------------------------------------------
| Timing Details
| --------------
------------------------------------------------------------------------------------------------


---------------------------------------------------------------------------------------------------
From Clock:  sys_clk_pin
  To Clock:  sys_clk_pin

Setup :            0  Failing Endpoints,  Worst Slack        5.893ns,  Total Violation        0.000ns
Hold  :            0  Failing Endpoints,  Worst Slack        0.185ns,  Total Violation        0.000ns
PW    :            0  Failing Endpoints,  Worst Slack        4.500ns,  Total Violation        0.000ns
---------------------------------------------------------------------------------------------------


Max Delay Paths
--------------------------------------------------------------------------------------
Slack (MET) :             5.893ns  (required time - arrival time)
  Source:                 divider/count_reg[0]/C
                            (rising edge-triggered cell FDRE clocked by sys_clk_pin  {rise@0.000ns fall@5.000ns period=10.000ns})
  Destination:            divider/count_reg[24]/R
                            (rising edge-triggered cell FDRE clocked by sys_clk_pin  {rise@0.000ns fall@5.000ns period=10.000ns})
  Path Group:             sys_clk_pin
  Path Type:              Setup (Max at Slow Process Corner)
  Requirement:            10.000ns  (sys_clk_pin rise@10.000ns - sys_clk_pin rise@0.000ns)
  Data Path Delay:        3.523ns  (logic 0.890ns (25.261%)  route 2.633ns (74.739%))
  Logic Levels:           3  (LUT4=1 LUT6=2)
  Clock Path Skew:        -0.024ns (DCD - SCD + CPR)
    Destination Clock Delay (DCD):    4.787ns = ( 14.787 - 10.000 ) 
    Source Clock Delay      (SCD):    5.086ns
    Clock Pessimism Removal (CPR):    0.275ns
  Clock Uncertainty:      0.035ns  ((TSJ^2 + TIJ^2)^1/2 + DJ) / 2 + PE
    Total System Jitter     (TSJ):    0.071ns
    Total Input Jitter      (TIJ):    0.000ns
    Discrete Jitter          (DJ):    0.000ns
    Phase Error              (PE):    0.000ns

    Location             Delay type                Incr(ns)  Path(ns)    Netlist Resource(s)
  -------------------------------------------------------------------    -------------------
                         (clock sys_clk_pin rise edge)
                                                      0.000     0.000 r  
    W5                                                0.000     0.000 r  clk (IN)
                         net (fo=0)                   0.000     0.000    clk
    W5                   IBUF (Prop_ibuf_I_O)         1.458     1.458 r  clk_IBUF_inst/O
                         net (fo=1, routed)           1.967     3.425    clk_IBUF
    BUFGCTRL_X0Y1        BUFG (Prop_bufg_I_O)         0.096     3.521 r  clk_IBUF_BUFG_inst/O
                         net (fo=46, routed)          1.565     5.086    divider/CLK
    SLICE_X30Y43         FDRE                                         r  divider/count_reg[0]/C
  -------------------------------------------------------------------    -------------------
    SLICE_X30Y43         FDRE (Prop_fdre_C_Q)         0.518     5.604 f  divider/count_reg[0]/Q
                         net (fo=2, routed)           0.870     6.475    divider/count_reg[0]
    SLICE_X31Y46         LUT4 (Prop_lut4_I3_O)        0.124     6.599 f  divider/count[0]_i_9/O
                         net (fo=1, routed)           0.667     7.265    divider/count[0]_i_9_n_0
    SLICE_X31Y46         LUT6 (Prop_lut6_I5_O)        0.124     7.389 r  divider/count[0]_i_6/O
                         net (fo=2, routed)           0.299     7.688    divider/count[0]_i_6_n_0
    SLICE_X31Y45         LUT6 (Prop_lut6_I5_O)        0.124     7.812 r  divider/count[0]_i_1/O
                         net (fo=27, routed)          0.797     8.610    divider/count[0]_i_1_n_0
    SLICE_X30Y49         FDRE                                         r  divider/count_reg[24]/R
  -------------------------------------------------------------------    -------------------

                         (clock sys_clk_pin rise edge)
                                                     10.000    10.000 r  
    W5                                                0.000    10.000 r  clk (IN)
                         net (fo=0)                   0.000    10.000    clk
    W5                   IBUF (Prop_ibuf_I_O)         1.388    11.388 r  clk_IBUF_inst/O
                         net (fo=1, routed)           1.862    13.250    clk_IBUF
    BUFGCTRL_X0Y1        BUFG (Prop_bufg_I_O)         0.091    13.341 r  clk_IBUF_BUFG_inst/O
                         net (fo=46, routed)          1.446    14.787    divider/CLK
    SLICE_X30Y49         FDRE                                         r  divider/count_reg[24]/C
                         clock pessimism              0.275    15.062    
                         clock uncertainty           -0.035    15.027    
    SLICE_X30Y49         FDRE (Setup_fdre_C_R)       -0.524    14.503    divider/count_reg[24]
  -------------------------------------------------------------------
                         required time                         14.503    
                         arrival time                          -8.610    
  -------------------------------------------------------------------
                         slack                                  5.893    

Slack (MET) :             5.893ns  (required time - arrival time)
  Source:                 divider/count_reg[0]/C
                            (rising edge-triggered cell FDRE clocked by sys_clk_pin  {rise@0.000ns fall@5.000ns period=10.000ns})
  Destination:            divider/count_reg[25]/R
                            (rising edge-triggered cell FDRE clocked by sys_clk_pin  {rise@0.000ns fall@5.000ns period=10.000ns})
  Path Group:             sys_clk_pin
  Path Type:              Setup (Max at Slow Process Corner)
  Requirement:            10.000ns  (sys_clk_pin rise@10.000ns - sys_clk_pin rise@0.000ns)
  Data Path Delay:        3.523ns  (logic 0.890ns (25.261%)  route 2.633ns (74.739%))
  Logic Levels:           3  (LUT4=1 LUT6=2)
  Clock Path Skew:        -0.024ns (DCD - SCD + CPR)
    Destination Clock Delay (DCD):    4.787ns = ( 14.787 - 10.000 ) 
    Source Clock Delay      (SCD):    5.086ns
    Clock Pessimism Removal (CPR):    0.275ns
  Clock Uncertainty:      0.035ns  ((TSJ^2 + TIJ^2)^1/2 + DJ) / 2 + PE
    Total System Jitter     (TSJ):    0.071ns
    Total Input Jitter      (TIJ):    0.000ns
    Discrete Jitter          (DJ):    0.000ns
    Phase Error              (PE):    0.000ns

    Location             Delay type                Incr(ns)  Path(ns)    Netlist Resource(s)
  -------------------------------------------------------------------    -------------------
                         (clock sys_clk_pin rise edge)
                                                      0.000     0.000 r  
    W5                                                0.000     0.000 r  clk (IN)
                         net (fo=0)                   0.000     0.000    clk
    W5                   IBUF (Prop_ibuf_I_O)         1.458     1.458 r  clk_IBUF_inst/O
                         net (fo=1, routed)           1.967     3.425    clk_IBUF
    BUFGCTRL_X0Y1        BUFG (Prop_bufg_I_O)         0.096     3.521 r  clk_IBUF_BUFG_inst/O
                         net (fo=46, routed)          1.565     5.086    divider/CLK
    SLICE_X30Y43         FDRE                                         r  divider/count_reg[0]/C
  -------------------------------------------------------------------    -------------------
    SLICE_X30Y43         FDRE (Prop_fdre_C_Q)         0.518     5.604 f  divider/count_reg[0]/Q
                         net (fo=2, routed)           0.870     6.475    divider/count_reg[0]
    SLICE_X31Y46         LUT4 (Prop_lut4_I3_O)        0.124     6.599 f  divider/count[0]_i_9/O
                         net (fo=1, routed)           0.667     7.265    divider/count[0]_i_9_n_0
    SLICE_X31Y46         LUT6 (Prop_lut6_I5_O)        0.124     7.389 r  divider/count[0]_i_6/O
                         net (fo=2, routed)           0.299     7.688    divider/count[0]_i_6_n_0
    SLICE_X31Y45         LUT6 (Prop_lut6_I5_O)        0.124     7.812 r  divider/count[0]_i_1/O
                         net (fo=27, routed)          0.797     8.610    divider/count[0]_i_1_n_0
    SLICE_X30Y49         FDRE                                         r  divider/count_reg[25]/R
  -------------------------------------------------------------------    -------------------

                         (clock sys_clk_pin rise edge)
                                                     10.000    10.000 r  
    W5                                                0.000    10.000 r  clk (IN)
                         net (fo=0)                   0.000    10.000    clk
    W5                   IBUF (Prop_ibuf_I_O)         1.388    11.388 r  clk_IBUF_inst/O
                         net (fo=1, routed)           1.862    13.250    clk_IBUF
    BUFGCTRL_X0Y1        BUFG (Prop_bufg_I_O)         0.091    13.341 r  clk_IBUF_BUFG_inst/O
                         net (fo=46, routed)          1.446    14.787    divider/CLK
    SLICE_X30Y49         FDRE                                         r  divider/count_reg[25]/C
                         clock pessimism              0.275    15.062    
                         clock uncertainty           -0.035    15.027    
    SLICE_X30Y49         FDRE (Setup_fdre_C_R)       -0.524    14.503    divider/count_reg[25]
  -------------------------------------------------------------------
                         required time                         14.503    
                         arrival time                          -8.610    
  -------------------------------------------------------------------
                         slack                                  5.893    

Slack (MET) :             5.893ns  (required time - arrival time)
  Source:                 divider/count_reg[0]/C
                            (rising edge-triggered cell FDRE clocked by sys_clk_pin  {rise@0.000ns fall@5.000ns period=10.000ns})
  Destination:            divider/count_reg[26]/R
                            (rising edge-triggered cell FDRE clocked by sys_clk_pin  {rise@0.000ns fall@5.000ns period=10.000ns})
  Path Group:             sys_clk_pin
  Path Type:              Setup (Max at Slow Process Corner)
  Requirement:            10.000ns  (sys_clk_pin rise@10.000ns - sys_clk_pin rise@0.000ns)
  Data Path Delay:        3.523ns  (logic 0.890ns (25.261%)  route 2.633ns (74.739%))
  Logic Levels:           3  (LUT4=1 LUT6=2)
  Clock Path Skew:        -0.024ns (DCD - SCD + CPR)
    Destination Clock Delay (DCD):    4.787ns = ( 14.787 - 10.000 ) 
    Source Clock Delay      (SCD):    5.086ns
    Clock Pessimism Removal (CPR):    0.275ns
  Clock Uncertainty:      0.035ns  ((TSJ^2 + TIJ^2)^1/2 + DJ) / 2 + PE
    Total System Jitter     (TSJ):    0.071ns
    Total Input Jitter      (TIJ):    0.000ns
    Discrete Jitter          (DJ):    0.000ns
    Phase Error              (PE):    0.000ns

    Location             Delay type                Incr(ns)  Path(ns)    Netlist Resource(s)
  -------------------------------------------------------------------    -------------------
                         (clock sys_clk_pin rise edge)
                                                      0.000     0.000 r  
    W5                                                0.000     0.000 r  clk (IN)
                         net (fo=0)                   0.000     0.000    clk
    W5                   IBUF (Prop_ibuf_I_O)         1.458     1.458 r  clk_IBUF_inst/O
                         net (fo=1, routed)           1.967     3.425    clk_IBUF
    BUFGCTRL_X0Y1        BUFG (Prop_bufg_I_O)         0.096     3.521 r  clk_IBUF_BUFG_inst/O
                         net (fo=46, routed)          1.565     5.086    divider/CLK
    SLICE_X30Y43         FDRE                                         r  divider/count_reg[0]/C
  -------------------------------------------------------------------    -------------------
    SLICE_X30Y43         FDRE (Prop_fdre_C_Q)         0.518     5.604 f  divider/count_reg[0]/Q
                         net (fo=2, routed)           0.870     6.475    divider/count_reg[0]
    SLICE_X31Y46         LUT4 (Prop_lut4_I3_O)        0.124     6.599 f  divider/count[0]_i_9/O
                         net (fo=1, routed)           0.667     7.265    divider/count[0]_i_9_n_0
    SLICE_X31Y46         LUT6 (Prop_lut6_I5_O)        0.124     7.389 r  divider/count[0]_i_6/O
                         net (fo=2, routed)           0.299     7.688    divider/count[0]_i_6_n_0
    SLICE_X31Y45         LUT6 (Prop_lut6_I5_O)        0.124     7.812 r  divider/count[0]_i_1/O
                         net (fo=27, routed)          0.797     8.610    divider/count[0]_i_1_n_0
    SLICE_X30Y49         FDRE                                         r  divider/count_reg[26]/R
  -------------------------------------------------------------------    -------------------

                         (clock sys_clk_pin rise edge)
                                                     10.000    10.000 r  
    W5                                                0.000    10.000 r  clk (IN)
                         net (fo=0)                   0.000    10.000    clk
    W5                   IBUF (Prop_ibuf_I_O)         1.388    11.388 r  clk_IBUF_inst/O
                         net (fo=1, routed)           1.862    13.250    clk_IBUF
    BUFGCTRL_X0Y1        BUFG (Prop_bufg_I_O)         0.091    13.341 r  clk_IBUF_BUFG_inst/O
                         net (fo=46, routed)          1.446    14.787    divider/CLK
    SLICE_X30Y49         FDRE                                         r  divider/count_reg[26]/C
                         clock pessimism              0.275    15.062    
                         clock uncertainty           -0.035    15.027    
    SLICE_X30Y49         FDRE (Setup_fdre_C_R)       -0.524    14.503    divider/count_reg[26]
  -------------------------------------------------------------------
                         required time                         14.503    
                         arrival time                          -8.610    
  -------------------------------------------------------------------
                         slack                                  5.893    

Slack (MET) :             6.032ns  (required time - arrival time)
  Source:                 divider/count_reg[0]/C
                            (rising edge-triggered cell FDRE clocked by sys_clk_pin  {rise@0.000ns fall@5.000ns period=10.000ns})
  Destination:            divider/count_reg[20]/R
                            (rising edge-triggered cell FDRE clocked by sys_clk_pin  {rise@0.000ns fall@5.000ns period=10.000ns})
  Path Group:             sys_clk_pin
  Path Type:              Setup (Max at Slow Process Corner)
  Requirement:            10.000ns  (sys_clk_pin rise@10.000ns - sys_clk_pin rise@0.000ns)
  Data Path Delay:        3.385ns  (logic 0.890ns (26.294%)  route 2.495ns (73.706%))
  Logic Levels:           3  (LUT4=1 LUT6=2)
  Clock Path Skew:        -0.024ns (DCD - SCD + CPR)
    Destination Clock Delay (DCD):    4.787ns = ( 14.787 - 10.000 ) 
    Source Clock Delay      (SCD):    5.086ns
    Clock Pessimism Removal (CPR):    0.275ns
  Clock Uncertainty:      0.035ns  ((TSJ^2 + TIJ^2)^1/2 + DJ) / 2 + PE
    Total System Jitter     (TSJ):    0.071ns
    Total Input Jitter      (TIJ):    0.000ns
    Discrete Jitter          (DJ):    0.000ns
    Phase Error              (PE):    0.000ns

    Location             Delay type                Incr(ns)  Path(ns)    Netlist Resource(s)
  -------------------------------------------------------------------    -------------------
                         (clock sys_clk_pin rise edge)
                                                      0.000     0.000 r  
    W5                                                0.000     0.000 r  clk (IN)
                         net (fo=0)                   0.000     0.000    clk
    W5                   IBUF (Prop_ibuf_I_O)         1.458     1.458 r  clk_IBUF_inst/O
                         net (fo=1, routed)           1.967     3.425    clk_IBUF
    BUFGCTRL_X0Y1        BUFG (Prop_bufg_I_O)         0.096     3.521 r  clk_IBUF_BUFG_inst/O
                         net (fo=46, routed)          1.565     5.086    divider/CLK
    SLICE_X30Y43         FDRE                                         r  divider/count_reg[0]/C
  -------------------------------------------------------------------    -------------------
    SLICE_X30Y43         FDRE (Prop_fdre_C_Q)         0.518     5.604 f  divider/count_reg[0]/Q
                         net (fo=2, routed)           0.870     6.475    divider/count_reg[0]
    SLICE_X31Y46         LUT4 (Prop_lut4_I3_O)        0.124     6.599 f  divider/count[0]_i_9/O
                         net (fo=1, routed)           0.667     7.265    divider/count[0]_i_9_n_0
    SLICE_X31Y46         LUT6 (Prop_lut6_I5_O)        0.124     7.389 r  divider/count[0]_i_6/O
                         net (fo=2, routed)           0.299     7.688    divider/count[0]_i_6_n_0
    SLICE_X31Y45         LUT6 (Prop_lut6_I5_O)        0.124     7.812 r  divider/count[0]_i_1/O
                         net (fo=27, routed)          0.659     8.471    divider/count[0]_i_1_n_0
    SLICE_X30Y48         FDRE                                         r  divider/count_reg[20]/R
  -------------------------------------------------------------------    -------------------

                         (clock sys_clk_pin rise edge)
                                                     10.000    10.000 r  
    W5                                                0.000    10.000 r  clk (IN)
                         net (fo=0)                   0.000    10.000    clk
    W5                   IBUF (Prop_ibuf_I_O)         1.388    11.388 r  clk_IBUF_inst/O
                         net (fo=1, routed)           1.862    13.250    clk_IBUF
    BUFGCTRL_X0Y1        BUFG (Prop_bufg_I_O)         0.091    13.341 r  clk_IBUF_BUFG_inst/O
                         net (fo=46, routed)          1.446    14.787    divider/CLK
    SLICE_X30Y48         FDRE                                         r  divider/count_reg[20]/C
                         clock pessimism              0.275    15.062    
                         clock uncertainty           -0.035    15.027    
    SLICE_X30Y48         FDRE (Setup_fdre_C_R)       -0.524    14.503    divider/count_reg[20]
  -------------------------------------------------------------------
                         required time                         14.503    
                         arrival time                          -8.471    
  -------------------------------------------------------------------
                         slack                                  6.032    

Slack (MET) :             6.032ns  (required time - arrival time)
  Source:                 divider/count_reg[0]/C
                            (rising edge-triggered cell FDRE clocked by sys_clk_pin  {rise@0.000ns fall@5.000ns period=10.000ns})
  Destination:            divider/count_reg[21]/R
                            (rising edge-triggered cell FDRE clocked by sys_clk_pin  {rise@0.000ns fall@5.000ns period=10.000ns})
  Path Group:             sys_clk_pin
  Path Type:              Setup (Max at Slow Process Corner)
  Requirement:            10.000ns  (sys_clk_pin rise@10.000ns - sys_clk_pin rise@0.000ns)
  Data Path Delay:        3.385ns  (logic 0.890ns (26.294%)  route 2.495ns (73.706%))
  Logic Levels:           3  (LUT4=1 LUT6=2)
  Clock Path Skew:        -0.024ns (DCD - SCD + CPR)
    Destination Clock Delay (DCD):    4.787ns = ( 14.787 - 10.000 ) 
    Source Clock Delay      (SCD):    5.086ns
    Clock Pessimism Removal (CPR):    0.275ns
  Clock Uncertainty:      0.035ns  ((TSJ^2 + TIJ^2)^1/2 + DJ) / 2 + PE
    Total System Jitter     (TSJ):    0.071ns
    Total Input Jitter      (TIJ):    0.000ns
    Discrete Jitter          (DJ):    0.000ns
    Phase Error              (PE):    0.000ns

    Location             Delay type                Incr(ns)  Path(ns)    Netlist Resource(s)
  -------------------------------------------------------------------    -------------------
                         (clock sys_clk_pin rise edge)
                                                      0.000     0.000 r  
    W5                                                0.000     0.000 r  clk (IN)
                         net (fo=0)                   0.000     0.000    clk
    W5                   IBUF (Prop_ibuf_I_O)         1.458     1.458 r  clk_IBUF_inst/O
                         net (fo=1, routed)           1.967     3.425    clk_IBUF
    BUFGCTRL_X0Y1        BUFG (Prop_bufg_I_O)         0.096     3.521 r  clk_IBUF_BUFG_inst/O
                         net (fo=46, routed)          1.565     5.086    divider/CLK
    SLICE_X30Y43         FDRE                                         r  divider/count_reg[0]/C
  -------------------------------------------------------------------    -------------------
    SLICE_X30Y43         FDRE (Prop_fdre_C_Q)         0.518     5.604 f  divider/count_reg[0]/Q
                         net (fo=2, routed)           0.870     6.475    divider/count_reg[0]
    SLICE_X31Y46         LUT4 (Prop_lut4_I3_O)        0.124     6.599 f  divider/count[0]_i_9/O
                         net (fo=1, routed)           0.667     7.265    divider/count[0]_i_9_n_0
    SLICE_X31Y46         LUT6 (Prop_lut6_I5_O)        0.124     7.389 r  divider/count[0]_i_6/O
                         net (fo=2, routed)           0.299     7.688    divider/count[0]_i_6_n_0
    SLICE_X31Y45         LUT6 (Prop_lut6_I5_O)        0.124     7.812 r  divider/count[0]_i_1/O
                         net (fo=27, routed)          0.659     8.471    divider/count[0]_i_1_n_0
    SLICE_X30Y48         FDRE                                         r  divider/count_reg[21]/R
  -------------------------------------------------------------------    -------------------

                         (clock sys_clk_pin rise edge)
                                                     10.000    10.000 r  
    W5                                                0.000    10.000 r  clk (IN)
                         net (fo=0)                   0.000    10.000    clk
    W5                   IBUF (Prop_ibuf_I_O)         1.388    11.388 r  clk_IBUF_inst/O
                         net (fo=1, routed)           1.862    13.250    clk_IBUF
    BUFGCTRL_X0Y1        BUFG (Prop_bufg_I_O)         0.091    13.341 r  clk_IBUF_BUFG_inst/O
                         net (fo=46, routed)          1.446    14.787    divider/CLK
    SLICE_X30Y48         FDRE                                         r  divider/count_reg[21]/C
                         clock pessimism              0.275    15.062    
                         clock uncertainty           -0.035    15.027    
    SLICE_X30Y48         FDRE (Setup_fdre_C_R)       -0.524    14.503    divider/count_reg[21]
  -------------------------------------------------------------------
                         required time                         14.503    
                         arrival time                          -8.471    
  -------------------------------------------------------------------
                         slack                                  6.032    

Slack (MET) :             6.032ns  (required time - arrival time)
  Source:                 divider/count_reg[0]/C
                            (rising edge-triggered cell FDRE clocked by sys_clk_pin  {rise@0.000ns fall@5.000ns period=10.000ns})
  Destination:            divider/count_reg[22]/R
                            (rising edge-triggered cell FDRE clocked by sys_clk_pin  {rise@0.000ns fall@5.000ns period=10.000ns})
  Path Group:             sys_clk_pin
  Path Type:              Setup (Max at Slow Process Corner)
  Requirement:            10.000ns  (sys_clk_pin rise@10.000ns - sys_clk_pin rise@0.000ns)
  Data Path Delay:        3.385ns  (logic 0.890ns (26.294%)  route 2.495ns (73.706%))
  Logic Levels:           3  (LUT4=1 LUT6=2)
  Clock Path Skew:        -0.024ns (DCD - SCD + CPR)
    Destination Clock Delay (DCD):    4.787ns = ( 14.787 - 10.000 ) 
    Source Clock Delay      (SCD):    5.086ns
    Clock Pessimism Removal (CPR):    0.275ns
  Clock Uncertainty:      0.035ns  ((TSJ^2 + TIJ^2)^1/2 + DJ) / 2 + PE
    Total System Jitter     (TSJ):    0.071ns
    Total Input Jitter      (TIJ):    0.000ns
    Discrete Jitter          (DJ):    0.000ns
    Phase Error              (PE):    0.000ns

    Location             Delay type                Incr(ns)  Path(ns)    Netlist Resource(s)
  -------------------------------------------------------------------    -------------------
                         (clock sys_clk_pin rise edge)
                                                      0.000     0.000 r  
    W5                                                0.000     0.000 r  clk (IN)
                         net (fo=0)                   0.000     0.000    clk
    W5                   IBUF (Prop_ibuf_I_O)         1.458     1.458 r  clk_IBUF_inst/O
                         net (fo=1, routed)           1.967     3.425    clk_IBUF
    BUFGCTRL_X0Y1        BUFG (Prop_bufg_I_O)         0.096     3.521 r  clk_IBUF_BUFG_inst/O
                         net (fo=46, routed)          1.565     5.086    divider/CLK
    SLICE_X30Y43         FDRE                                         r  divider/count_reg[0]/C
  -------------------------------------------------------------------    -------------------
    SLICE_X30Y43         FDRE (Prop_fdre_C_Q)         0.518     5.604 f  divider/count_reg[0]/Q
                         net (fo=2, routed)           0.870     6.475    divider/count_reg[0]
    SLICE_X31Y46         LUT4 (Prop_lut4_I3_O)        0.124     6.599 f  divider/count[0]_i_9/O
                         net (fo=1, routed)           0.667     7.265    divider/count[0]_i_9_n_0
    SLICE_X31Y46         LUT6 (Prop_lut6_I5_O)        0.124     7.389 r  divider/count[0]_i_6/O
                         net (fo=2, routed)           0.299     7.688    divider/count[0]_i_6_n_0
    SLICE_X31Y45         LUT6 (Prop_lut6_I5_O)        0.124     7.812 r  divider/count[0]_i_1/O
                         net (fo=27, routed)          0.659     8.471    divider/count[0]_i_1_n_0
    SLICE_X30Y48         FDRE                                         r  divider/count_reg[22]/R
  -------------------------------------------------------------------    -------------------

                         (clock sys_clk_pin rise edge)
                                                     10.000    10.000 r  
    W5                                                0.000    10.000 r  clk (IN)
                         net (fo=0)                   0.000    10.000    clk
    W5                   IBUF (Prop_ibuf_I_O)         1.388    11.388 r  clk_IBUF_inst/O
                         net (fo=1, routed)           1.862    13.250    clk_IBUF
    BUFGCTRL_X0Y1        BUFG (Prop_bufg_I_O)         0.091    13.341 r  clk_IBUF_BUFG_inst/O
                         net (fo=46, routed)          1.446    14.787    divider/CLK
    SLICE_X30Y48         FDRE                                         r  divider/count_reg[22]/C
                         clock pessimism              0.275    15.062    
                         clock uncertainty           -0.035    15.027    
    SLICE_X30Y48         FDRE (Setup_fdre_C_R)       -0.524    14.503    divider/count_reg[22]
  -------------------------------------------------------------------
                         required time                         14.503    
                         arrival time                          -8.471    
  -------------------------------------------------------------------
                         slack                                  6.032    

Slack (MET) :             6.032ns  (required time - arrival time)
  Source:                 divider/count_reg[0]/C
                            (rising edge-triggered cell FDRE clocked by sys_clk_pin  {rise@0.000ns fall@5.000ns period=10.000ns})
  Destination:            divider/count_reg[23]/R
                            (rising edge-triggered cell FDRE clocked by sys_clk_pin  {rise@0.000ns fall@5.000ns period=10.000ns})
  Path Group:             sys_clk_pin
  Path Type:              Setup (Max at Slow Process Corner)
  Requirement:            10.000ns  (sys_clk_pin rise@10.000ns - sys_clk_pin rise@0.000ns)
  Data Path Delay:        3.385ns  (logic 0.890ns (26.294%)  route 2.495ns (73.706%))
  Logic Levels:           3  (LUT4=1 LUT6=2)
  Clock Path Skew:        -0.024ns (DCD - SCD + CPR)
    Destination Clock Delay (DCD):    4.787ns = ( 14.787 - 10.000 ) 
    Source Clock Delay      (SCD):    5.086ns
    Clock Pessimism Removal (CPR):    0.275ns
  Clock Uncertainty:      0.035ns  ((TSJ^2 + TIJ^2)^1/2 + DJ) / 2 + PE
    Total System Jitter     (TSJ):    0.071ns
    Total Input Jitter      (TIJ):    0.000ns
    Discrete Jitter          (DJ):    0.000ns
    Phase Error              (PE):    0.000ns

    Location             Delay type                Incr(ns)  Path(ns)    Netlist Resource(s)
  -------------------------------------------------------------------    -------------------
                         (clock sys_clk_pin rise edge)
                                                      0.000     0.000 r  
    W5                                                0.000     0.000 r  clk (IN)
                         net (fo=0)                   0.000     0.000    clk
    W5                   IBUF (Prop_ibuf_I_O)         1.458     1.458 r  clk_IBUF_inst/O
                         net (fo=1, routed)           1.967     3.425    clk_IBUF
    BUFGCTRL_X0Y1        BUFG (Prop_bufg_I_O)         0.096     3.521 r  clk_IBUF_BUFG_inst/O
                         net (fo=46, routed)          1.565     5.086    divider/CLK
    SLICE_X30Y43         FDRE                                         r  divider/count_reg[0]/C
  -------------------------------------------------------------------    -------------------
    SLICE_X30Y43         FDRE (Prop_fdre_C_Q)         0.518     5.604 f  divider/count_reg[0]/Q
                         net (fo=2, routed)           0.870     6.475    divider/count_reg[0]
    SLICE_X31Y46         LUT4 (Prop_lut4_I3_O)        0.124     6.599 f  divider/count[0]_i_9/O
                         net (fo=1, routed)           0.667     7.265    divider/count[0]_i_9_n_0
    SLICE_X31Y46         LUT6 (Prop_lut6_I5_O)        0.124     7.389 r  divider/count[0]_i_6/O
                         net (fo=2, routed)           0.299     7.688    divider/count[0]_i_6_n_0
    SLICE_X31Y45         LUT6 (Prop_lut6_I5_O)        0.124     7.812 r  divider/count[0]_i_1/O
                         net (fo=27, routed)          0.659     8.471    divider/count[0]_i_1_n_0
    SLICE_X30Y48         FDRE                                         r  divider/count_reg[23]/R
  -------------------------------------------------------------------    -------------------

                         (clock sys_clk_pin rise edge)
                                                     10.000    10.000 r  
    W5                                                0.000    10.000 r  clk (IN)
                         net (fo=0)                   0.000    10.000    clk
    W5                   IBUF (Prop_ibuf_I_O)         1.388    11.388 r  clk_IBUF_inst/O
                         net (fo=1, routed)           1.862    13.250    clk_IBUF
    BUFGCTRL_X0Y1        BUFG (Prop_bufg_I_O)         0.091    13.341 r  clk_IBUF_BUFG_inst/O
                         net (fo=46, routed)          1.446    14.787    divider/CLK
    SLICE_X30Y48         FDRE                                         r  divider/count_reg[23]/C
                         clock pessimism              0.275    15.062    
                         clock uncertainty           -0.035    15.027    
    SLICE_X30Y48         FDRE (Setup_fdre_C_R)       -0.524    14.503    divider/count_reg[23]
  -------------------------------------------------------------------
                         required time                         14.503    
                         arrival time                          -8.471    
  -------------------------------------------------------------------
                         slack                                  6.032    

Slack (MET) :             6.039ns  (required time - arrival time)
  Source:                 divider/count_reg[0]/C
                            (rising edge-triggered cell FDRE clocked by sys_clk_pin  {rise@0.000ns fall@5.000ns period=10.000ns})
  Destination:            divider/count_reg[10]/R
                            (rising edge-triggered cell FDRE clocked by sys_clk_pin  {rise@0.000ns fall@5.000ns period=10.000ns})
  Path Group:             sys_clk_pin
  Path Type:              Setup (Max at Slow Process Corner)
  Requirement:            10.000ns  (sys_clk_pin rise@10.000ns - sys_clk_pin rise@0.000ns)
  Data Path Delay:        3.377ns  (logic 0.890ns (26.356%)  route 2.487ns (73.644%))
  Logic Levels:           3  (LUT4=1 LUT6=2)
  Clock Path Skew:        -0.025ns (DCD - SCD + CPR)
    Destination Clock Delay (DCD):    4.786ns = ( 14.786 - 10.000 ) 
    Source Clock Delay      (SCD):    5.086ns
    Clock Pessimism Removal (CPR):    0.275ns
  Clock Uncertainty:      0.035ns  ((TSJ^2 + TIJ^2)^1/2 + DJ) / 2 + PE
    Total System Jitter     (TSJ):    0.071ns
    Total Input Jitter      (TIJ):    0.000ns
    Discrete Jitter          (DJ):    0.000ns
    Phase Error              (PE):    0.000ns

    Location             Delay type                Incr(ns)  Path(ns)    Netlist Resource(s)
  -------------------------------------------------------------------    -------------------
                         (clock sys_clk_pin rise edge)
                                                      0.000     0.000 r  
    W5                                                0.000     0.000 r  clk (IN)
                         net (fo=0)                   0.000     0.000    clk
    W5                   IBUF (Prop_ibuf_I_O)         1.458     1.458 r  clk_IBUF_inst/O
                         net (fo=1, routed)           1.967     3.425    clk_IBUF
    BUFGCTRL_X0Y1        BUFG (Prop_bufg_I_O)         0.096     3.521 r  clk_IBUF_BUFG_inst/O
                         net (fo=46, routed)          1.565     5.086    divider/CLK
    SLICE_X30Y43         FDRE                                         r  divider/count_reg[0]/C
  -------------------------------------------------------------------    -------------------
    SLICE_X30Y43         FDRE (Prop_fdre_C_Q)         0.518     5.604 f  divider/count_reg[0]/Q
                         net (fo=2, routed)           0.870     6.475    divider/count_reg[0]
    SLICE_X31Y46         LUT4 (Prop_lut4_I3_O)        0.124     6.599 f  divider/count[0]_i_9/O
                         net (fo=1, routed)           0.667     7.265    divider/count[0]_i_9_n_0
    SLICE_X31Y46         LUT6 (Prop_lut6_I5_O)        0.124     7.389 r  divider/count[0]_i_6/O
                         net (fo=2, routed)           0.299     7.688    divider/count[0]_i_6_n_0
    SLICE_X31Y45         LUT6 (Prop_lut6_I5_O)        0.124     7.812 r  divider/count[0]_i_1/O
                         net (fo=27, routed)          0.651     8.463    divider/count[0]_i_1_n_0
    SLICE_X30Y45         FDRE                                         r  divider/count_reg[10]/R
  -------------------------------------------------------------------    -------------------

                         (clock sys_clk_pin rise edge)
                                                     10.000    10.000 r  
    W5                                                0.000    10.000 r  clk (IN)
                         net (fo=0)                   0.000    10.000    clk
    W5                   IBUF (Prop_ibuf_I_O)         1.388    11.388 r  clk_IBUF_inst/O
                         net (fo=1, routed)           1.862    13.250    clk_IBUF
    BUFGCTRL_X0Y1        BUFG (Prop_bufg_I_O)         0.091    13.341 r  clk_IBUF_BUFG_inst/O
                         net (fo=46, routed)          1.445    14.786    divider/CLK
    SLICE_X30Y45         FDRE                                         r  divider/count_reg[10]/C
                         clock pessimism              0.275    15.061    
                         clock uncertainty           -0.035    15.026    
    SLICE_X30Y45         FDRE (Setup_fdre_C_R)       -0.524    14.502    divider/count_reg[10]
  -------------------------------------------------------------------
                         required time                         14.502    
                         arrival time                          -8.463    
  -------------------------------------------------------------------
                         slack                                  6.039    

Slack (MET) :             6.039ns  (required time - arrival time)
  Source:                 divider/count_reg[0]/C
                            (rising edge-triggered cell FDRE clocked by sys_clk_pin  {rise@0.000ns fall@5.000ns period=10.000ns})
  Destination:            divider/count_reg[11]/R
                            (rising edge-triggered cell FDRE clocked by sys_clk_pin  {rise@0.000ns fall@5.000ns period=10.000ns})
  Path Group:             sys_clk_pin
  Path Type:              Setup (Max at Slow Process Corner)
  Requirement:            10.000ns  (sys_clk_pin rise@10.000ns - sys_clk_pin rise@0.000ns)
  Data Path Delay:        3.377ns  (logic 0.890ns (26.356%)  route 2.487ns (73.644%))
  Logic Levels:           3  (LUT4=1 LUT6=2)
  Clock Path Skew:        -0.025ns (DCD - SCD + CPR)
    Destination Clock Delay (DCD):    4.786ns = ( 14.786 - 10.000 ) 
    Source Clock Delay      (SCD):    5.086ns
    Clock Pessimism Removal (CPR):    0.275ns
  Clock Uncertainty:      0.035ns  ((TSJ^2 + TIJ^2)^1/2 + DJ) / 2 + PE
    Total System Jitter     (TSJ):    0.071ns
    Total Input Jitter      (TIJ):    0.000ns
    Discrete Jitter          (DJ):    0.000ns
    Phase Error              (PE):    0.000ns

    Location             Delay type                Incr(ns)  Path(ns)    Netlist Resource(s)
  -------------------------------------------------------------------    -------------------
                         (clock sys_clk_pin rise edge)
                                                      0.000     0.000 r  
    W5                                                0.000     0.000 r  clk (IN)
                         net (fo=0)                   0.000     0.000    clk
    W5                   IBUF (Prop_ibuf_I_O)         1.458     1.458 r  clk_IBUF_inst/O
                         net (fo=1, routed)           1.967     3.425    clk_IBUF
    BUFGCTRL_X0Y1        BUFG (Prop_bufg_I_O)         0.096     3.521 r  clk_IBUF_BUFG_inst/O
                         net (fo=46, routed)          1.565     5.086    divider/CLK
    SLICE_X30Y43         FDRE                                         r  divider/count_reg[0]/C
  -------------------------------------------------------------------    -------------------
    SLICE_X30Y43         FDRE (Prop_fdre_C_Q)         0.518     5.604 f  divider/count_reg[0]/Q
                         net (fo=2, routed)           0.870     6.475    divider/count_reg[0]
    SLICE_X31Y46         LUT4 (Prop_lut4_I3_O)        0.124     6.599 f  divider/count[0]_i_9/O
                         net (fo=1, routed)           0.667     7.265    divider/count[0]_i_9_n_0
    SLICE_X31Y46         LUT6 (Prop_lut6_I5_O)        0.124     7.389 r  divider/count[0]_i_6/O
                         net (fo=2, routed)           0.299     7.688    divider/count[0]_i_6_n_0
    SLICE_X31Y45         LUT6 (Prop_lut6_I5_O)        0.124     7.812 r  divider/count[0]_i_1/O
                         net (fo=27, routed)          0.651     8.463    divider/count[0]_i_1_n_0
    SLICE_X30Y45         FDRE                                         r  divider/count_reg[11]/R
  -------------------------------------------------------------------    -------------------

                         (clock sys_clk_pin rise edge)
                                                     10.000    10.000 r  
    W5                                                0.000    10.000 r  clk (IN)
                         net (fo=0)                   0.000    10.000    clk
    W5                   IBUF (Prop_ibuf_I_O)         1.388    11.388 r  clk_IBUF_inst/O
                         net (fo=1, routed)           1.862    13.250    clk_IBUF
    BUFGCTRL_X0Y1        BUFG (Prop_bufg_I_O)         0.091    13.341 r  clk_IBUF_BUFG_inst/O
                         net (fo=46, routed)          1.445    14.786    divider/CLK
    SLICE_X30Y45         FDRE                                         r  divider/count_reg[11]/C
                         clock pessimism              0.275    15.061    
                         clock uncertainty           -0.035    15.026    
    SLICE_X30Y45         FDRE (Setup_fdre_C_R)       -0.524    14.502    divider/count_reg[11]
  -------------------------------------------------------------------
                         required time                         14.502    
                         arrival time                          -8.463    
  -------------------------------------------------------------------
                         slack                                  6.039    

Slack (MET) :             6.039ns  (required time - arrival time)
  Source:                 divider/count_reg[0]/C
                            (rising edge-triggered cell FDRE clocked by sys_clk_pin  {rise@0.000ns fall@5.000ns period=10.000ns})
  Destination:            divider/count_reg[8]/R
                            (rising edge-triggered cell FDRE clocked by sys_clk_pin  {rise@0.000ns fall@5.000ns period=10.000ns})
  Path Group:             sys_clk_pin
  Path Type:              Setup (Max at Slow Process Corner)
  Requirement:            10.000ns  (sys_clk_pin rise@10.000ns - sys_clk_pin rise@0.000ns)
  Data Path Delay:        3.377ns  (logic 0.890ns (26.356%)  route 2.487ns (73.644%))
  Logic Levels:           3  (LUT4=1 LUT6=2)
  Clock Path Skew:        -0.025ns (DCD - SCD + CPR)
    Destination Clock Delay (DCD):    4.786ns = ( 14.786 - 10.000 ) 
    Source Clock Delay      (SCD):    5.086ns
    Clock Pessimism Removal (CPR):    0.275ns
  Clock Uncertainty:      0.035ns  ((TSJ^2 + TIJ^2)^1/2 + DJ) / 2 + PE
    Total System Jitter     (TSJ):    0.071ns
    Total Input Jitter      (TIJ):    0.000ns
    Discrete Jitter          (DJ):    0.000ns
    Phase Error              (PE):    0.000ns

    Location             Delay type                Incr(ns)  Path(ns)    Netlist Resource(s)
  -------------------------------------------------------------------    -------------------
                         (clock sys_clk_pin rise edge)
                                                      0.000     0.000 r  
    W5                                                0.000     0.000 r  clk (IN)
                         net (fo=0)                   0.000     0.000    clk
    W5                   IBUF (Prop_ibuf_I_O)         1.458     1.458 r  clk_IBUF_inst/O
                         net (fo=1, routed)           1.967     3.425    clk_IBUF
    BUFGCTRL_X0Y1        BUFG (Prop_bufg_I_O)         0.096     3.521 r  clk_IBUF_BUFG_inst/O
                         net (fo=46, routed)          1.565     5.086    divider/CLK
    SLICE_X30Y43         FDRE                                         r  divider/count_reg[0]/C
  -------------------------------------------------------------------    -------------------
    SLICE_X30Y43         FDRE (Prop_fdre_C_Q)         0.518     5.604 f  divider/count_reg[0]/Q
                         net (fo=2, routed)           0.870     6.475    divider/count_reg[0]
    SLICE_X31Y46         LUT4 (Prop_lut4_I3_O)        0.124     6.599 f  divider/count[0]_i_9/O
                         net (fo=1, routed)           0.667     7.265    divider/count[0]_i_9_n_0
    SLICE_X31Y46         LUT6 (Prop_lut6_I5_O)        0.124     7.389 r  divider/count[0]_i_6/O
                         net (fo=2, routed)           0.299     7.688    divider/count[0]_i_6_n_0
    SLICE_X31Y45         LUT6 (Prop_lut6_I5_O)        0.124     7.812 r  divider/count[0]_i_1/O
                         net (fo=27, routed)          0.651     8.463    divider/count[0]_i_1_n_0
    SLICE_X30Y45         FDRE                                         r  divider/count_reg[8]/R
  -------------------------------------------------------------------    -------------------

                         (clock sys_clk_pin rise edge)
                                                     10.000    10.000 r  
    W5                                                0.000    10.000 r  clk (IN)
                         net (fo=0)                   0.000    10.000    clk
    W5                   IBUF (Prop_ibuf_I_O)         1.388    11.388 r  clk_IBUF_inst/O
                         net (fo=1, routed)           1.862    13.250    clk_IBUF
    BUFGCTRL_X0Y1        BUFG (Prop_bufg_I_O)         0.091    13.341 r  clk_IBUF_BUFG_inst/O
                         net (fo=46, routed)          1.445    14.786    divider/CLK
    SLICE_X30Y45         FDRE                                         r  divider/count_reg[8]/C
                         clock pessimism              0.275    15.061    
                         clock uncertainty           -0.035    15.026    
    SLICE_X30Y45         FDRE (Setup_fdre_C_R)       -0.524    14.502    divider/count_reg[8]
  -------------------------------------------------------------------
                         required time                         14.502    
                         arrival time                          -8.463    
  -------------------------------------------------------------------
                         slack                                  6.039    





Min Delay Paths
--------------------------------------------------------------------------------------
Slack (MET) :             0.185ns  (arrival time - required time)
  Source:                 display/refresh_counter_reg[14]/C
                            (rising edge-triggered cell FDRE clocked by sys_clk_pin  {rise@0.000ns fall@5.000ns period=10.000ns})
  Destination:            display/sel_reg[0]/D
                            (rising edge-triggered cell FDRE clocked by sys_clk_pin  {rise@0.000ns fall@5.000ns period=10.000ns})
  Path Group:             sys_clk_pin
  Path Type:              Hold (Min at Fast Process Corner)
  Requirement:            0.000ns  (sys_clk_pin rise@0.000ns - sys_clk_pin rise@0.000ns)
  Data Path Delay:        0.268ns  (logic 0.141ns (52.660%)  route 0.127ns (47.340%))
  Logic Levels:           0  
  Clock Path Skew:        0.013ns (DCD - SCD - CPR)
    Destination Clock Delay (DCD):    1.959ns
    Source Clock Delay      (SCD):    1.445ns
    Clock Pessimism Removal (CPR):    0.501ns

    Location             Delay type                Incr(ns)  Path(ns)    Netlist Resource(s)
  -------------------------------------------------------------------    -------------------
                         (clock sys_clk_pin rise edge)
                                                      0.000     0.000 r  
    W5                                                0.000     0.000 r  clk (IN)
                         net (fo=0)                   0.000     0.000    clk
    W5                   IBUF (Prop_ibuf_I_O)         0.226     0.226 r  clk_IBUF_inst/O
                         net (fo=1, routed)           0.631     0.858    clk_IBUF
    BUFGCTRL_X0Y1        BUFG (Prop_bufg_I_O)         0.026     0.884 r  clk_IBUF_BUFG_inst/O
                         net (fo=46, routed)          0.562     1.445    display/CLK
    SLICE_X40Y8          FDRE                                         r  display/refresh_counter_reg[14]/C
  -------------------------------------------------------------------    -------------------
    SLICE_X40Y8          FDRE (Prop_fdre_C_Q)         0.141     1.586 r  display/refresh_counter_reg[14]/Q
                         net (fo=2, routed)           0.127     1.713    display/p_0_in[0]
    SLICE_X41Y8          FDRE                                         r  display/sel_reg[0]/D
  -------------------------------------------------------------------    -------------------

                         (clock sys_clk_pin rise edge)
                                                      0.000     0.000 r  
    W5                                                0.000     0.000 r  clk (IN)
                         net (fo=0)                   0.000     0.000    clk
    W5                   IBUF (Prop_ibuf_I_O)         0.414     0.414 r  clk_IBUF_inst/O
                         net (fo=1, routed)           0.685     1.099    clk_IBUF
    BUFGCTRL_X0Y1        BUFG (Prop_bufg_I_O)         0.029     1.128 r  clk_IBUF_BUFG_inst/O
                         net (fo=46, routed)          0.832     1.959    display/CLK
    SLICE_X41Y8          FDRE                                         r  display/sel_reg[0]/C
                         clock pessimism             -0.501     1.458    
    SLICE_X41Y8          FDRE (Hold_fdre_C_D)         0.070     1.528    display/sel_reg[0]
  -------------------------------------------------------------------
                         required time                         -1.528    
                         arrival time                           1.713    
  -------------------------------------------------------------------
                         slack                                  0.185    

Slack (MET) :             0.263ns  (arrival time - required time)
  Source:                 divider/clk1_reg/C
                            (rising edge-triggered cell FDRE clocked by sys_clk_pin  {rise@0.000ns fall@5.000ns period=10.000ns})
  Destination:            divider/clk1_reg/D
                            (rising edge-triggered cell FDRE clocked by sys_clk_pin  {rise@0.000ns fall@5.000ns period=10.000ns})
  Path Group:             sys_clk_pin
  Path Type:              Hold (Min at Fast Process Corner)
  Requirement:            0.000ns  (sys_clk_pin rise@0.000ns - sys_clk_pin rise@0.000ns)
  Data Path Delay:        0.354ns  (logic 0.186ns (52.498%)  route 0.168ns (47.502%))
  Logic Levels:           1  (LUT4=1)
  Clock Path Skew:        0.000ns (DCD - SCD - CPR)
    Destination Clock Delay (DCD):    1.959ns
    Source Clock Delay      (SCD):    1.446ns
    Clock Pessimism Removal (CPR):    0.513ns

    Location             Delay type                Incr(ns)  Path(ns)    Netlist Resource(s)
  -------------------------------------------------------------------    -------------------
                         (clock sys_clk_pin rise edge)
                                                      0.000     0.000 r  
    W5                                                0.000     0.000 r  clk (IN)
                         net (fo=0)                   0.000     0.000    clk
    W5                   IBUF (Prop_ibuf_I_O)         0.226     0.226 r  clk_IBUF_inst/O
                         net (fo=1, routed)           0.631     0.858    clk_IBUF
    BUFGCTRL_X0Y1        BUFG (Prop_bufg_I_O)         0.026     0.884 r  clk_IBUF_BUFG_inst/O
                         net (fo=46, routed)          0.563     1.446    divider/CLK
    SLICE_X31Y45         FDRE                                         r  divider/clk1_reg/C
  -------------------------------------------------------------------    -------------------
    SLICE_X31Y45         FDRE (Prop_fdre_C_Q)         0.141     1.587 r  divider/clk1_reg/Q
                         net (fo=2, routed)           0.168     1.755    divider/clk1_reg_0
    SLICE_X31Y45         LUT4 (Prop_lut4_I0_O)        0.045     1.800 r  divider/clk1_i_1/O
                         net (fo=1, routed)           0.000     1.800    divider/clk1_i_1_n_0
    SLICE_X31Y45         FDRE                                         r  divider/clk1_reg/D
  -------------------------------------------------------------------    -------------------

                         (clock sys_clk_pin rise edge)
                                                      0.000     0.000 r  
    W5                                                0.000     0.000 r  clk (IN)
                         net (fo=0)                   0.000     0.000    clk
    W5                   IBUF (Prop_ibuf_I_O)         0.414     0.414 r  clk_IBUF_inst/O
                         net (fo=1, routed)           0.685     1.099    clk_IBUF
    BUFGCTRL_X0Y1        BUFG (Prop_bufg_I_O)         0.029     1.128 r  clk_IBUF_BUFG_inst/O
                         net (fo=46, routed)          0.832     1.959    divider/CLK
    SLICE_X31Y45         FDRE                                         r  divider/clk1_reg/C
                         clock pessimism             -0.513     1.446    
    SLICE_X31Y45         FDRE (Hold_fdre_C_D)         0.091     1.537    divider/clk1_reg
  -------------------------------------------------------------------
                         required time                         -1.537    
                         arrival time                           1.800    
  -------------------------------------------------------------------
                         slack                                  0.263    

Slack (MET) :             0.267ns  (arrival time - required time)
  Source:                 divider/count_reg[2]/C
                            (rising edge-triggered cell FDRE clocked by sys_clk_pin  {rise@0.000ns fall@5.000ns period=10.000ns})
  Destination:            divider/count_reg[2]/D
                            (rising edge-triggered cell FDRE clocked by sys_clk_pin  {rise@0.000ns fall@5.000ns period=10.000ns})
  Path Group:             sys_clk_pin
  Path Type:              Hold (Min at Fast Process Corner)
  Requirement:            0.000ns  (sys_clk_pin rise@0.000ns - sys_clk_pin rise@0.000ns)
  Data Path Delay:        0.401ns  (logic 0.274ns (68.412%)  route 0.127ns (31.588%))
  Logic Levels:           1  (CARRY4=1)
  Clock Path Skew:        0.000ns (DCD - SCD - CPR)
    Destination Clock Delay (DCD):    1.959ns
    Source Clock Delay      (SCD):    1.446ns
    Clock Pessimism Removal (CPR):    0.513ns

    Location             Delay type                Incr(ns)  Path(ns)    Netlist Resource(s)
  -------------------------------------------------------------------    -------------------
                         (clock sys_clk_pin rise edge)
                                                      0.000     0.000 r  
    W5                                                0.000     0.000 r  clk (IN)
                         net (fo=0)                   0.000     0.000    clk
    W5                   IBUF (Prop_ibuf_I_O)         0.226     0.226 r  clk_IBUF_inst/O
                         net (fo=1, routed)           0.631     0.858    clk_IBUF
    BUFGCTRL_X0Y1        BUFG (Prop_bufg_I_O)         0.026     0.884 r  clk_IBUF_BUFG_inst/O
                         net (fo=46, routed)          0.563     1.446    divider/CLK
    SLICE_X30Y43         FDRE                                         r  divider/count_reg[2]/C
  -------------------------------------------------------------------    -------------------
    SLICE_X30Y43         FDRE (Prop_fdre_C_Q)         0.164     1.610 r  divider/count_reg[2]/Q
                         net (fo=2, routed)           0.127     1.737    divider/count_reg[2]
    SLICE_X30Y43         CARRY4 (Prop_carry4_S[2]_O[2])
                                                      0.110     1.847 r  divider/count_reg[0]_i_2/O[2]
                         net (fo=1, routed)           0.000     1.847    divider/count_reg[0]_i_2_n_5
    SLICE_X30Y43         FDRE                                         r  divider/count_reg[2]/D
  -------------------------------------------------------------------    -------------------

                         (clock sys_clk_pin rise edge)
                                                      0.000     0.000 r  
    W5                                                0.000     0.000 r  clk (IN)
                         net (fo=0)                   0.000     0.000    clk
    W5                   IBUF (Prop_ibuf_I_O)         0.414     0.414 r  clk_IBUF_inst/O
                         net (fo=1, routed)           0.685     1.099    clk_IBUF
    BUFGCTRL_X0Y1        BUFG (Prop_bufg_I_O)         0.029     1.128 r  clk_IBUF_BUFG_inst/O
                         net (fo=46, routed)          0.832     1.959    divider/CLK
    SLICE_X30Y43         FDRE                                         r  divider/count_reg[2]/C
                         clock pessimism             -0.513     1.446    
    SLICE_X30Y43         FDRE (Hold_fdre_C_D)         0.134     1.580    divider/count_reg[2]
  -------------------------------------------------------------------
                         required time                         -1.580    
                         arrival time                           1.847    
  -------------------------------------------------------------------
                         slack                                  0.267    

Slack (MET) :             0.267ns  (arrival time - required time)
  Source:                 divider/count_reg[10]/C
                            (rising edge-triggered cell FDRE clocked by sys_clk_pin  {rise@0.000ns fall@5.000ns period=10.000ns})
  Destination:            divider/count_reg[10]/D
                            (rising edge-triggered cell FDRE clocked by sys_clk_pin  {rise@0.000ns fall@5.000ns period=10.000ns})
  Path Group:             sys_clk_pin
  Path Type:              Hold (Min at Fast Process Corner)
  Requirement:            0.000ns  (sys_clk_pin rise@0.000ns - sys_clk_pin rise@0.000ns)
  Data Path Delay:        0.401ns  (logic 0.274ns (68.401%)  route 0.127ns (31.599%))
  Logic Levels:           1  (CARRY4=1)
  Clock Path Skew:        0.000ns (DCD - SCD - CPR)
    Destination Clock Delay (DCD):    1.959ns
    Source Clock Delay      (SCD):    1.446ns
    Clock Pessimism Removal (CPR):    0.513ns

    Location             Delay type                Incr(ns)  Path(ns)    Netlist Resource(s)
  -------------------------------------------------------------------    -------------------
                         (clock sys_clk_pin rise edge)
                                                      0.000     0.000 r  
    W5                                                0.000     0.000 r  clk (IN)
                         net (fo=0)                   0.000     0.000    clk
    W5                   IBUF (Prop_ibuf_I_O)         0.226     0.226 r  clk_IBUF_inst/O
                         net (fo=1, routed)           0.631     0.858    clk_IBUF
    BUFGCTRL_X0Y1        BUFG (Prop_bufg_I_O)         0.026     0.884 r  clk_IBUF_BUFG_inst/O
                         net (fo=46, routed)          0.563     1.446    divider/CLK
    SLICE_X30Y45         FDRE                                         r  divider/count_reg[10]/C
  -------------------------------------------------------------------    -------------------
    SLICE_X30Y45         FDRE (Prop_fdre_C_Q)         0.164     1.610 r  divider/count_reg[10]/Q
                         net (fo=2, routed)           0.127     1.737    divider/count_reg[10]
    SLICE_X30Y45         CARRY4 (Prop_carry4_S[2]_O[2])
                                                      0.110     1.847 r  divider/count_reg[8]_i_1/O[2]
                         net (fo=1, routed)           0.000     1.847    divider/count_reg[8]_i_1_n_5
    SLICE_X30Y45         FDRE                                         r  divider/count_reg[10]/D
  -------------------------------------------------------------------    -------------------

                         (clock sys_clk_pin rise edge)
                                                      0.000     0.000 r  
    W5                                                0.000     0.000 r  clk (IN)
                         net (fo=0)                   0.000     0.000    clk
    W5                   IBUF (Prop_ibuf_I_O)         0.414     0.414 r  clk_IBUF_inst/O
                         net (fo=1, routed)           0.685     1.099    clk_IBUF
    BUFGCTRL_X0Y1        BUFG (Prop_bufg_I_O)         0.029     1.128 r  clk_IBUF_BUFG_inst/O
                         net (fo=46, routed)          0.832     1.959    divider/CLK
    SLICE_X30Y45         FDRE                                         r  divider/count_reg[10]/C
                         clock pessimism             -0.513     1.446    
    SLICE_X30Y45         FDRE (Hold_fdre_C_D)         0.134     1.580    divider/count_reg[10]
  -------------------------------------------------------------------
                         required time                         -1.580    
                         arrival time                           1.847    
  -------------------------------------------------------------------
                         slack                                  0.267    

Slack (MET) :             0.267ns  (arrival time - required time)
  Source:                 divider/count_reg[6]/C
                            (rising edge-triggered cell FDRE clocked by sys_clk_pin  {rise@0.000ns fall@5.000ns period=10.000ns})
  Destination:            divider/count_reg[6]/D
                            (rising edge-triggered cell FDRE clocked by sys_clk_pin  {rise@0.000ns fall@5.000ns period=10.000ns})
  Path Group:             sys_clk_pin
  Path Type:              Hold (Min at Fast Process Corner)
  Requirement:            0.000ns  (sys_clk_pin rise@0.000ns - sys_clk_pin rise@0.000ns)
  Data Path Delay:        0.401ns  (logic 0.274ns (68.401%)  route 0.127ns (31.599%))
  Logic Levels:           1  (CARRY4=1)
  Clock Path Skew:        0.000ns (DCD - SCD - CPR)
    Destination Clock Delay (DCD):    1.959ns
    Source Clock Delay      (SCD):    1.446ns
    Clock Pessimism Removal (CPR):    0.513ns

    Location             Delay type                Incr(ns)  Path(ns)    Netlist Resource(s)
  -------------------------------------------------------------------    -------------------
                         (clock sys_clk_pin rise edge)
                                                      0.000     0.000 r  
    W5                                                0.000     0.000 r  clk (IN)
                         net (fo=0)                   0.000     0.000    clk
    W5                   IBUF (Prop_ibuf_I_O)         0.226     0.226 r  clk_IBUF_inst/O
                         net (fo=1, routed)           0.631     0.858    clk_IBUF
    BUFGCTRL_X0Y1        BUFG (Prop_bufg_I_O)         0.026     0.884 r  clk_IBUF_BUFG_inst/O
                         net (fo=46, routed)          0.563     1.446    divider/CLK
    SLICE_X30Y44         FDRE                                         r  divider/count_reg[6]/C
  -------------------------------------------------------------------    -------------------
    SLICE_X30Y44         FDRE (Prop_fdre_C_Q)         0.164     1.610 r  divider/count_reg[6]/Q
                         net (fo=2, routed)           0.127     1.737    divider/count_reg[6]
    SLICE_X30Y44         CARRY4 (Prop_carry4_S[2]_O[2])
                                                      0.110     1.847 r  divider/count_reg[4]_i_1/O[2]
                         net (fo=1, routed)           0.000     1.847    divider/count_reg[4]_i_1_n_5
    SLICE_X30Y44         FDRE                                         r  divider/count_reg[6]/D
  -------------------------------------------------------------------    -------------------

                         (clock sys_clk_pin rise edge)
                                                      0.000     0.000 r  
    W5                                                0.000     0.000 r  clk (IN)
                         net (fo=0)                   0.000     0.000    clk
    W5                   IBUF (Prop_ibuf_I_O)         0.414     0.414 r  clk_IBUF_inst/O
                         net (fo=1, routed)           0.685     1.099    clk_IBUF
    BUFGCTRL_X0Y1        BUFG (Prop_bufg_I_O)         0.029     1.128 r  clk_IBUF_BUFG_inst/O
                         net (fo=46, routed)          0.832     1.959    divider/CLK
    SLICE_X30Y44         FDRE                                         r  divider/count_reg[6]/C
                         clock pessimism             -0.513     1.446    
    SLICE_X30Y44         FDRE (Hold_fdre_C_D)         0.134     1.580    divider/count_reg[6]
  -------------------------------------------------------------------
                         required time                         -1.580    
                         arrival time                           1.847    
  -------------------------------------------------------------------
                         slack                                  0.267    

Slack (MET) :             0.267ns  (arrival time - required time)
  Source:                 divider/count_reg[18]/C
                            (rising edge-triggered cell FDRE clocked by sys_clk_pin  {rise@0.000ns fall@5.000ns period=10.000ns})
  Destination:            divider/count_reg[18]/D
                            (rising edge-triggered cell FDRE clocked by sys_clk_pin  {rise@0.000ns fall@5.000ns period=10.000ns})
  Path Group:             sys_clk_pin
  Path Type:              Hold (Min at Fast Process Corner)
  Requirement:            0.000ns  (sys_clk_pin rise@0.000ns - sys_clk_pin rise@0.000ns)
  Data Path Delay:        0.401ns  (logic 0.274ns (68.401%)  route 0.127ns (31.599%))
  Logic Levels:           1  (CARRY4=1)
  Clock Path Skew:        0.000ns (DCD - SCD - CPR)
    Destination Clock Delay (DCD):    1.960ns
    Source Clock Delay      (SCD):    1.447ns
    Clock Pessimism Removal (CPR):    0.513ns

    Location             Delay type                Incr(ns)  Path(ns)    Netlist Resource(s)
  -------------------------------------------------------------------    -------------------
                         (clock sys_clk_pin rise edge)
                                                      0.000     0.000 r  
    W5                                                0.000     0.000 r  clk (IN)
                         net (fo=0)                   0.000     0.000    clk
    W5                   IBUF (Prop_ibuf_I_O)         0.226     0.226 r  clk_IBUF_inst/O
                         net (fo=1, routed)           0.631     0.858    clk_IBUF
    BUFGCTRL_X0Y1        BUFG (Prop_bufg_I_O)         0.026     0.884 r  clk_IBUF_BUFG_inst/O
                         net (fo=46, routed)          0.564     1.447    divider/CLK
    SLICE_X30Y47         FDRE                                         r  divider/count_reg[18]/C
  -------------------------------------------------------------------    -------------------
    SLICE_X30Y47         FDRE (Prop_fdre_C_Q)         0.164     1.611 r  divider/count_reg[18]/Q
                         net (fo=3, routed)           0.127     1.738    divider/count_reg[18]
    SLICE_X30Y47         CARRY4 (Prop_carry4_S[2]_O[2])
                                                      0.110     1.848 r  divider/count_reg[16]_i_1/O[2]
                         net (fo=1, routed)           0.000     1.848    divider/count_reg[16]_i_1_n_5
    SLICE_X30Y47         FDRE                                         r  divider/count_reg[18]/D
  -------------------------------------------------------------------    -------------------

                         (clock sys_clk_pin rise edge)
                                                      0.000     0.000 r  
    W5                                                0.000     0.000 r  clk (IN)
                         net (fo=0)                   0.000     0.000    clk
    W5                   IBUF (Prop_ibuf_I_O)         0.414     0.414 r  clk_IBUF_inst/O
                         net (fo=1, routed)           0.685     1.099    clk_IBUF
    BUFGCTRL_X0Y1        BUFG (Prop_bufg_I_O)         0.029     1.128 r  clk_IBUF_BUFG_inst/O
                         net (fo=46, routed)          0.833     1.960    divider/CLK
    SLICE_X30Y47         FDRE                                         r  divider/count_reg[18]/C
                         clock pessimism             -0.513     1.447    
    SLICE_X30Y47         FDRE (Hold_fdre_C_D)         0.134     1.581    divider/count_reg[18]
  -------------------------------------------------------------------
                         required time                         -1.581    
                         arrival time                           1.848    
  -------------------------------------------------------------------
                         slack                                  0.267    

Slack (MET) :             0.267ns  (arrival time - required time)
  Source:                 divider/count_reg[22]/C
                            (rising edge-triggered cell FDRE clocked by sys_clk_pin  {rise@0.000ns fall@5.000ns period=10.000ns})
  Destination:            divider/count_reg[22]/D
                            (rising edge-triggered cell FDRE clocked by sys_clk_pin  {rise@0.000ns fall@5.000ns period=10.000ns})
  Path Group:             sys_clk_pin
  Path Type:              Hold (Min at Fast Process Corner)
  Requirement:            0.000ns  (sys_clk_pin rise@0.000ns - sys_clk_pin rise@0.000ns)
  Data Path Delay:        0.401ns  (logic 0.274ns (68.401%)  route 0.127ns (31.599%))
  Logic Levels:           1  (CARRY4=1)
  Clock Path Skew:        0.000ns (DCD - SCD - CPR)
    Destination Clock Delay (DCD):    1.960ns
    Source Clock Delay      (SCD):    1.447ns
    Clock Pessimism Removal (CPR):    0.513ns

    Location             Delay type                Incr(ns)  Path(ns)    Netlist Resource(s)
  -------------------------------------------------------------------    -------------------
                         (clock sys_clk_pin rise edge)
                                                      0.000     0.000 r  
    W5                                                0.000     0.000 r  clk (IN)
                         net (fo=0)                   0.000     0.000    clk
    W5                   IBUF (Prop_ibuf_I_O)         0.226     0.226 r  clk_IBUF_inst/O
                         net (fo=1, routed)           0.631     0.858    clk_IBUF
    BUFGCTRL_X0Y1        BUFG (Prop_bufg_I_O)         0.026     0.884 r  clk_IBUF_BUFG_inst/O
                         net (fo=46, routed)          0.564     1.447    divider/CLK
    SLICE_X30Y48         FDRE                                         r  divider/count_reg[22]/C
  -------------------------------------------------------------------    -------------------
    SLICE_X30Y48         FDRE (Prop_fdre_C_Q)         0.164     1.611 r  divider/count_reg[22]/Q
                         net (fo=2, routed)           0.127     1.738    divider/count_reg[22]
    SLICE_X30Y48         CARRY4 (Prop_carry4_S[2]_O[2])
                                                      0.110     1.848 r  divider/count_reg[20]_i_1/O[2]
                         net (fo=1, routed)           0.000     1.848    divider/count_reg[20]_i_1_n_5
    SLICE_X30Y48         FDRE                                         r  divider/count_reg[22]/D
  -------------------------------------------------------------------    -------------------

                         (clock sys_clk_pin rise edge)
                                                      0.000     0.000 r  
    W5                                                0.000     0.000 r  clk (IN)
                         net (fo=0)                   0.000     0.000    clk
    W5                   IBUF (Prop_ibuf_I_O)         0.414     0.414 r  clk_IBUF_inst/O
                         net (fo=1, routed)           0.685     1.099    clk_IBUF
    BUFGCTRL_X0Y1        BUFG (Prop_bufg_I_O)         0.029     1.128 r  clk_IBUF_BUFG_inst/O
                         net (fo=46, routed)          0.833     1.960    divider/CLK
    SLICE_X30Y48         FDRE                                         r  divider/count_reg[22]/C
                         clock pessimism             -0.513     1.447    
    SLICE_X30Y48         FDRE (Hold_fdre_C_D)         0.134     1.581    divider/count_reg[22]
  -------------------------------------------------------------------
                         required time                         -1.581    
                         arrival time                           1.848    
  -------------------------------------------------------------------
                         slack                                  0.267    

Slack (MET) :             0.267ns  (arrival time - required time)
  Source:                 divider/count_reg[26]/C
                            (rising edge-triggered cell FDRE clocked by sys_clk_pin  {rise@0.000ns fall@5.000ns period=10.000ns})
  Destination:            divider/count_reg[26]/D
                            (rising edge-triggered cell FDRE clocked by sys_clk_pin  {rise@0.000ns fall@5.000ns period=10.000ns})
  Path Group:             sys_clk_pin
  Path Type:              Hold (Min at Fast Process Corner)
  Requirement:            0.000ns  (sys_clk_pin rise@0.000ns - sys_clk_pin rise@0.000ns)
  Data Path Delay:        0.401ns  (logic 0.274ns (68.401%)  route 0.127ns (31.599%))
  Logic Levels:           1  (CARRY4=1)
  Clock Path Skew:        0.000ns (DCD - SCD - CPR)
    Destination Clock Delay (DCD):    1.960ns
    Source Clock Delay      (SCD):    1.447ns
    Clock Pessimism Removal (CPR):    0.513ns

    Location             Delay type                Incr(ns)  Path(ns)    Netlist Resource(s)
  -------------------------------------------------------------------    -------------------
                         (clock sys_clk_pin rise edge)
                                                      0.000     0.000 r  
    W5                                                0.000     0.000 r  clk (IN)
                         net (fo=0)                   0.000     0.000    clk
    W5                   IBUF (Prop_ibuf_I_O)         0.226     0.226 r  clk_IBUF_inst/O
                         net (fo=1, routed)           0.631     0.858    clk_IBUF
    BUFGCTRL_X0Y1        BUFG (Prop_bufg_I_O)         0.026     0.884 r  clk_IBUF_BUFG_inst/O
                         net (fo=46, routed)          0.564     1.447    divider/CLK
    SLICE_X30Y49         FDRE                                         r  divider/count_reg[26]/C
  -------------------------------------------------------------------    -------------------
    SLICE_X30Y49         FDRE (Prop_fdre_C_Q)         0.164     1.611 r  divider/count_reg[26]/Q
                         net (fo=2, routed)           0.127     1.738    divider/count_reg[26]
    SLICE_X30Y49         CARRY4 (Prop_carry4_S[2]_O[2])
                                                      0.110     1.848 r  divider/count_reg[24]_i_1/O[2]
                         net (fo=1, routed)           0.000     1.848    divider/count_reg[24]_i_1_n_5
    SLICE_X30Y49         FDRE                                         r  divider/count_reg[26]/D
  -------------------------------------------------------------------    -------------------

                         (clock sys_clk_pin rise edge)
                                                      0.000     0.000 r  
    W5                                                0.000     0.000 r  clk (IN)
                         net (fo=0)                   0.000     0.000    clk
    W5                   IBUF (Prop_ibuf_I_O)         0.414     0.414 r  clk_IBUF_inst/O
                         net (fo=1, routed)           0.685     1.099    clk_IBUF
    BUFGCTRL_X0Y1        BUFG (Prop_bufg_I_O)         0.029     1.128 r  clk_IBUF_BUFG_inst/O
                         net (fo=46, routed)          0.833     1.960    divider/CLK
    SLICE_X30Y49         FDRE                                         r  divider/count_reg[26]/C
                         clock pessimism             -0.513     1.447    
    SLICE_X30Y49         FDRE (Hold_fdre_C_D)         0.134     1.581    divider/count_reg[26]
  -------------------------------------------------------------------
                         required time                         -1.581    
                         arrival time                           1.848    
  -------------------------------------------------------------------
                         slack                                  0.267    

Slack (MET) :             0.268ns  (arrival time - required time)
  Source:                 display/refresh_counter_reg[10]/C
                            (rising edge-triggered cell FDRE clocked by sys_clk_pin  {rise@0.000ns fall@5.000ns period=10.000ns})
  Destination:            display/refresh_counter_reg[10]/D
                            (rising edge-triggered cell FDRE clocked by sys_clk_pin  {rise@0.000ns fall@5.000ns period=10.000ns})
  Path Group:             sys_clk_pin
  Path Type:              Hold (Min at Fast Process Corner)
  Requirement:            0.000ns  (sys_clk_pin rise@0.000ns - sys_clk_pin rise@0.000ns)
  Data Path Delay:        0.373ns  (logic 0.252ns (67.478%)  route 0.121ns (32.522%))
  Logic Levels:           1  (CARRY4=1)
  Clock Path Skew:        0.000ns (DCD - SCD - CPR)
    Destination Clock Delay (DCD):    1.959ns
    Source Clock Delay      (SCD):    1.445ns
    Clock Pessimism Removal (CPR):    0.514ns

    Location             Delay type                Incr(ns)  Path(ns)    Netlist Resource(s)
  -------------------------------------------------------------------    -------------------
                         (clock sys_clk_pin rise edge)
                                                      0.000     0.000 r  
    W5                                                0.000     0.000 r  clk (IN)
                         net (fo=0)                   0.000     0.000    clk
    W5                   IBUF (Prop_ibuf_I_O)         0.226     0.226 r  clk_IBUF_inst/O
                         net (fo=1, routed)           0.631     0.858    clk_IBUF
    BUFGCTRL_X0Y1        BUFG (Prop_bufg_I_O)         0.026     0.884 r  clk_IBUF_BUFG_inst/O
                         net (fo=46, routed)          0.562     1.445    display/CLK
    SLICE_X40Y7          FDRE                                         r  display/refresh_counter_reg[10]/C
  -------------------------------------------------------------------    -------------------
    SLICE_X40Y7          FDRE (Prop_fdre_C_Q)         0.141     1.586 r  display/refresh_counter_reg[10]/Q
                         net (fo=1, routed)           0.121     1.708    display/refresh_counter_reg_n_0_[10]
    SLICE_X40Y7          CARRY4 (Prop_carry4_S[2]_O[2])
                                                      0.111     1.819 r  display/refresh_counter_reg[8]_i_1/O[2]
                         net (fo=1, routed)           0.000     1.819    display/refresh_counter_reg[8]_i_1_n_5
    SLICE_X40Y7          FDRE                                         r  display/refresh_counter_reg[10]/D
  -------------------------------------------------------------------    -------------------

                         (clock sys_clk_pin rise edge)
                                                      0.000     0.000 r  
    W5                                                0.000     0.000 r  clk (IN)
                         net (fo=0)                   0.000     0.000    clk
    W5                   IBUF (Prop_ibuf_I_O)         0.414     0.414 r  clk_IBUF_inst/O
                         net (fo=1, routed)           0.685     1.099    clk_IBUF
    BUFGCTRL_X0Y1        BUFG (Prop_bufg_I_O)         0.029     1.128 r  clk_IBUF_BUFG_inst/O
                         net (fo=46, routed)          0.832     1.959    display/CLK
    SLICE_X40Y7          FDRE                                         r  display/refresh_counter_reg[10]/C
                         clock pessimism             -0.514     1.445    
    SLICE_X40Y7          FDRE (Hold_fdre_C_D)         0.105     1.550    display/refresh_counter_reg[10]
  -------------------------------------------------------------------
                         required time                         -1.550    
                         arrival time                           1.819    
  -------------------------------------------------------------------
                         slack                                  0.268    

Slack (MET) :             0.268ns  (arrival time - required time)
  Source:                 display/refresh_counter_reg[6]/C
                            (rising edge-triggered cell FDRE clocked by sys_clk_pin  {rise@0.000ns fall@5.000ns period=10.000ns})
  Destination:            display/refresh_counter_reg[6]/D
                            (rising edge-triggered cell FDRE clocked by sys_clk_pin  {rise@0.000ns fall@5.000ns period=10.000ns})
  Path Group:             sys_clk_pin
  Path Type:              Hold (Min at Fast Process Corner)
  Requirement:            0.000ns  (sys_clk_pin rise@0.000ns - sys_clk_pin rise@0.000ns)
  Data Path Delay:        0.373ns  (logic 0.252ns (67.478%)  route 0.121ns (32.522%))
  Logic Levels:           1  (CARRY4=1)
  Clock Path Skew:        0.000ns (DCD - SCD - CPR)
    Destination Clock Delay (DCD):    1.960ns
    Source Clock Delay      (SCD):    1.446ns
    Clock Pessimism Removal (CPR):    0.514ns

    Location             Delay type                Incr(ns)  Path(ns)    Netlist Resource(s)
  -------------------------------------------------------------------    -------------------
                         (clock sys_clk_pin rise edge)
                                                      0.000     0.000 r  
    W5                                                0.000     0.000 r  clk (IN)
                         net (fo=0)                   0.000     0.000    clk
    W5                   IBUF (Prop_ibuf_I_O)         0.226     0.226 r  clk_IBUF_inst/O
                         net (fo=1, routed)           0.631     0.858    clk_IBUF
    BUFGCTRL_X0Y1        BUFG (Prop_bufg_I_O)         0.026     0.884 r  clk_IBUF_BUFG_inst/O
                         net (fo=46, routed)          0.563     1.446    display/CLK
    SLICE_X40Y6          FDRE                                         r  display/refresh_counter_reg[6]/C
  -------------------------------------------------------------------    -------------------
    SLICE_X40Y6          FDRE (Prop_fdre_C_Q)         0.141     1.587 r  display/refresh_counter_reg[6]/Q
                         net (fo=1, routed)           0.121     1.709    display/refresh_counter_reg_n_0_[6]
    SLICE_X40Y6          CARRY4 (Prop_carry4_S[2]_O[2])
                                                      0.111     1.820 r  display/refresh_counter_reg[4]_i_1/O[2]
                         net (fo=1, routed)           0.000     1.820    display/refresh_counter_reg[4]_i_1_n_5
    SLICE_X40Y6          FDRE                                         r  display/refresh_counter_reg[6]/D
  -------------------------------------------------------------------    -------------------

                         (clock sys_clk_pin rise edge)
                                                      0.000     0.000 r  
    W5                                                0.000     0.000 r  clk (IN)
                         net (fo=0)                   0.000     0.000    clk
    W5                   IBUF (Prop_ibuf_I_O)         0.414     0.414 r  clk_IBUF_inst/O
                         net (fo=1, routed)           0.685     1.099    clk_IBUF
    BUFGCTRL_X0Y1        BUFG (Prop_bufg_I_O)         0.029     1.128 r  clk_IBUF_BUFG_inst/O
                         net (fo=46, routed)          0.833     1.960    display/CLK
    SLICE_X40Y6          FDRE                                         r  display/refresh_counter_reg[6]/C
                         clock pessimism             -0.514     1.446    
    SLICE_X40Y6          FDRE (Hold_fdre_C_D)         0.105     1.551    display/refresh_counter_reg[6]
  -------------------------------------------------------------------
                         required time                         -1.551    
                         arrival time                           1.820    
  -------------------------------------------------------------------
                         slack                                  0.268    





Pulse Width Checks
--------------------------------------------------------------------------------------
Clock Name:         sys_clk_pin
Waveform(ns):       { 0.000 5.000 }
Period(ns):         10.000
Sources:            { clk }

Check Type        Corner  Lib Pin  Reference Pin  Required(ns)  Actual(ns)  Slack(ns)  Location       Pin
Min Period        n/a     BUFG/I   n/a            2.155         10.000      7.845      BUFGCTRL_X0Y1  clk_IBUF_BUFG_inst/I
Min Period        n/a     FDRE/C   n/a            1.000         10.000      9.000      SLICE_X40Y5    display/refresh_counter_reg[0]/C
Min Period        n/a     FDRE/C   n/a            1.000         10.000      9.000      SLICE_X40Y7    display/refresh_counter_reg[10]/C
Min Period        n/a     FDRE/C   n/a            1.000         10.000      9.000      SLICE_X40Y7    display/refresh_counter_reg[11]/C
Min Period        n/a     FDRE/C   n/a            1.000         10.000      9.000      SLICE_X40Y8    display/refresh_counter_reg[12]/C
Min Period        n/a     FDRE/C   n/a            1.000         10.000      9.000      SLICE_X40Y8    display/refresh_counter_reg[13]/C
Min Period        n/a     FDRE/C   n/a            1.000         10.000      9.000      SLICE_X40Y8    display/refresh_counter_reg[14]/C
Min Period        n/a     FDRE/C   n/a            1.000         10.000      9.000      SLICE_X40Y8    display/refresh_counter_reg[15]/C
Min Period        n/a     FDRE/C   n/a            1.000         10.000      9.000      SLICE_X40Y5    display/refresh_counter_reg[1]/C
Min Period        n/a     FDRE/C   n/a            1.000         10.000      9.000      SLICE_X40Y5    display/refresh_counter_reg[2]/C
Low Pulse Width   Slow    FDRE/C   n/a            0.500         5.000       4.500      SLICE_X40Y5    display/refresh_counter_reg[0]/C
Low Pulse Width   Fast    FDRE/C   n/a            0.500         5.000       4.500      SLICE_X40Y5    display/refresh_counter_reg[0]/C
Low Pulse Width   Slow    FDRE/C   n/a            0.500         5.000       4.500      SLICE_X40Y7    display/refresh_counter_reg[10]/C
Low Pulse Width   Fast    FDRE/C   n/a            0.500         5.000       4.500      SLICE_X40Y7    display/refresh_counter_reg[10]/C
Low Pulse Width   Slow    FDRE/C   n/a            0.500         5.000       4.500      SLICE_X40Y7    display/refresh_counter_reg[11]/C
Low Pulse Width   Fast    FDRE/C   n/a            0.500         5.000       4.500      SLICE_X40Y7    display/refresh_counter_reg[11]/C
Low Pulse Width   Slow    FDRE/C   n/a            0.500         5.000       4.500      SLICE_X40Y8    display/refresh_counter_reg[12]/C
Low Pulse Width   Fast    FDRE/C   n/a            0.500         5.000       4.500      SLICE_X40Y8    display/refresh_counter_reg[12]/C
Low Pulse Width   Slow    FDRE/C   n/a            0.500         5.000       4.500      SLICE_X40Y8    display/refresh_counter_reg[13]/C
Low Pulse Width   Fast    FDRE/C   n/a            0.500         5.000       4.500      SLICE_X40Y8    display/refresh_counter_reg[13]/C
High Pulse Width  Slow    FDRE/C   n/a            0.500         5.000       4.500      SLICE_X40Y5    display/refresh_counter_reg[0]/C
High Pulse Width  Fast    FDRE/C   n/a            0.500         5.000       4.500      SLICE_X40Y5    display/refresh_counter_reg[0]/C
High Pulse Width  Slow    FDRE/C   n/a            0.500         5.000       4.500      SLICE_X40Y7    display/refresh_counter_reg[10]/C
High Pulse Width  Fast    FDRE/C   n/a            0.500         5.000       4.500      SLICE_X40Y7    display/refresh_counter_reg[10]/C
High Pulse Width  Slow    FDRE/C   n/a            0.500         5.000       4.500      SLICE_X40Y7    display/refresh_counter_reg[11]/C
High Pulse Width  Fast    FDRE/C   n/a            0.500         5.000       4.500      SLICE_X40Y7    display/refresh_counter_reg[11]/C
High Pulse Width  Slow    FDRE/C   n/a            0.500         5.000       4.500      SLICE_X40Y8    display/refresh_counter_reg[12]/C
High Pulse Width  Fast    FDRE/C   n/a            0.500         5.000       4.500      SLICE_X40Y8    display/refresh_counter_reg[12]/C
High Pulse Width  Slow    FDRE/C   n/a            0.500         5.000       4.500      SLICE_X40Y8    display/refresh_counter_reg[13]/C
High Pulse Width  Fast    FDRE/C   n/a            0.500         5.000       4.500      SLICE_X40Y8    display/refresh_counter_reg[13]/C



--------------------------------------------------------------------------------------
Path Group:  (none)
From Clock:  
  To Clock:  

Max Delay           403 Endpoints
Min Delay           403 Endpoints
--------------------------------------------------------------------------------------


Max Delay Paths
--------------------------------------------------------------------------------------
Slack:                    inf
  Source:                 top_module/program_counter/pc_reg[2]/C
                            (rising edge-triggered cell FDRE)
  Destination:            seg[4]
                            (output port)
  Path Group:             (none)
  Path Type:              Max at Slow Process Corner
  Data Path Delay:        56.779ns  (logic 18.211ns (32.074%)  route 38.568ns (67.926%))
  Logic Levels:           52  (CARRY4=26 FDRE=1 LUT2=4 LUT3=6 LUT4=5 LUT5=2 LUT6=6 OBUF=1 RAMD32=1)

    Location             Delay type                Incr(ns)  Path(ns)    Netlist Resource(s)
  -------------------------------------------------------------------    -------------------
    SLICE_X35Y0          FDRE                         0.000     0.000 r  top_module/program_counter/pc_reg[2]/C
    SLICE_X35Y0          FDRE (Prop_fdre_C_Q)         0.456     0.456 r  top_module/program_counter/pc_reg[2]/Q
                         net (fo=164, routed)         3.076     3.532    top_module/program_counter/pc[0]
    SLICE_X40Y0          LUT2 (Prop_lut2_I0_O)        0.124     3.656 r  top_module/program_counter/regf_reg_r1_0_31_0_5_i_9/O
                         net (fo=160, routed)         2.406     6.062    top_module/rf/regf_reg_r2_0_31_18_23/ADDRA2
    SLICE_X38Y5          RAMD32 (Prop_ramd32_RADR2_O)
                                                      0.148     6.210 r  top_module/rf/regf_reg_r2_0_31_18_23/RAMA/O
                         net (fo=1, routed)           1.119     7.328    top_module/program_counter/rd20[18]
    SLICE_X43Y4          LUT5 (Prop_lut5_I0_O)        0.328     7.656 r  top_module/program_counter/result0_carry__3_i_6/O
                         net (fo=1, routed)           0.000     7.656    top_module/alu/regf_reg_r1_0_31_12_17_i_6_0[2]
    SLICE_X43Y4          CARRY4 (Prop_carry4_S[2]_CO[3])
                                                      0.398     8.054 r  top_module/alu/result0_carry__3/CO[3]
                         net (fo=1, routed)           0.000     8.054    top_module/alu/result0_carry__3_n_0
    SLICE_X43Y5          CARRY4 (Prop_carry4_CI_CO[3])
                                                      0.114     8.168 r  top_module/alu/result0_carry__4/CO[3]
                         net (fo=1, routed)           0.000     8.168    top_module/alu/result0_carry__4_n_0
    SLICE_X43Y6          CARRY4 (Prop_carry4_CI_O[1])
                                                      0.334     8.502 r  top_module/alu/result0_carry__5/O[1]
                         net (fo=1, routed)           0.799     9.301    top_module/program_counter/data0[25]
    SLICE_X39Y5          LUT4 (Prop_lut4_I2_O)        0.303     9.604 r  top_module/program_counter/regf_reg_r1_0_31_24_29_i_1/O
                         net (fo=111, routed)         5.579    15.184    convert/result[25]
    SLICE_X65Y6          LUT3 (Prop_lut3_I2_O)        0.152    15.336 r  convert/seg_OBUF[6]_inst_i_1652/O
                         net (fo=2, routed)           0.676    16.012    convert/seg_OBUF[6]_inst_i_1652_n_0
    SLICE_X61Y7          CARRY4 (Prop_carry4_DI[0]_CO[3])
                                                      0.734    16.746 r  convert/seg_OBUF[6]_inst_i_1167/CO[3]
                         net (fo=1, routed)           0.000    16.746    convert/seg_OBUF[6]_inst_i_1167_n_0
    SLICE_X61Y8          CARRY4 (Prop_carry4_CI_CO[3])
                                                      0.114    16.860 r  convert/seg_OBUF[6]_inst_i_1932/CO[3]
                         net (fo=1, routed)           0.000    16.860    convert/seg_OBUF[6]_inst_i_1932_n_0
    SLICE_X61Y9          CARRY4 (Prop_carry4_CI_CO[1])
                                                      0.157    17.017 f  convert/seg_OBUF[6]_inst_i_2065/CO[1]
                         net (fo=24, routed)          1.109    18.126    convert/seg_OBUF[6]_inst_i_2065_n_2
    SLICE_X62Y12         LUT3 (Prop_lut3_I1_O)        0.358    18.484 r  convert/seg_OBUF[6]_inst_i_1694/O
                         net (fo=19, routed)          1.338    19.822    convert/seg_OBUF[6]_inst_i_1694_n_0
    SLICE_X62Y11         LUT4 (Prop_lut4_I0_O)        0.327    20.149 r  convert/seg_OBUF[6]_inst_i_1721/O
                         net (fo=1, routed)           0.000    20.149    convert/seg_OBUF[6]_inst_i_1721_n_0
    SLICE_X62Y11         CARRY4 (Prop_carry4_S[1]_CO[3])
                                                      0.550    20.699 r  convert/seg_OBUF[6]_inst_i_1200/CO[3]
                         net (fo=1, routed)           0.000    20.699    convert/seg_OBUF[6]_inst_i_1200_n_0
    SLICE_X62Y12         CARRY4 (Prop_carry4_CI_O[1])
                                                      0.334    21.033 r  convert/seg_OBUF[6]_inst_i_1187/O[1]
                         net (fo=2, routed)           0.875    21.908    convert/seg_OBUF[6]_inst_i_1187_n_6
    SLICE_X59Y10         LUT3 (Prop_lut3_I0_O)        0.329    22.237 r  convert/seg_OBUF[6]_inst_i_680/O
                         net (fo=2, routed)           0.860    23.097    convert/seg_OBUF[6]_inst_i_680_n_0
    SLICE_X59Y10         LUT4 (Prop_lut4_I3_O)        0.332    23.429 r  convert/seg_OBUF[6]_inst_i_684/O
                         net (fo=1, routed)           0.000    23.429    convert/seg_OBUF[6]_inst_i_684_n_0
    SLICE_X59Y10         CARRY4 (Prop_carry4_S[2]_CO[3])
                                                      0.398    23.827 r  convert/seg_OBUF[6]_inst_i_356/CO[3]
                         net (fo=1, routed)           0.000    23.827    convert/seg_OBUF[6]_inst_i_356_n_0
    SLICE_X59Y11         CARRY4 (Prop_carry4_CI_O[0])
                                                      0.222    24.049 r  convert/seg_OBUF[6]_inst_i_355/O[0]
                         net (fo=10, routed)          1.444    25.493    convert/seg_OBUF[6]_inst_i_355_n_7
    SLICE_X58Y17         LUT2 (Prop_lut2_I0_O)        0.299    25.792 r  convert/seg_OBUF[6]_inst_i_673/O
                         net (fo=1, routed)           0.000    25.792    convert/seg_OBUF[6]_inst_i_673_n_0
    SLICE_X58Y17         CARRY4 (Prop_carry4_S[3]_CO[3])
                                                      0.401    26.193 r  convert/seg_OBUF[6]_inst_i_354/CO[3]
                         net (fo=1, routed)           0.000    26.193    convert/seg_OBUF[6]_inst_i_354_n_0
    SLICE_X58Y18         CARRY4 (Prop_carry4_CI_O[1])
                                                      0.334    26.527 r  convert/seg_OBUF[6]_inst_i_166/O[1]
                         net (fo=2, routed)           1.099    27.625    top_module/program_counter/seg_OBUF[6]_inst_i_165[1]
    SLICE_X57Y18         LUT4 (Prop_lut4_I2_O)        0.303    27.928 r  top_module/program_counter/seg_OBUF[6]_inst_i_352/O
                         net (fo=1, routed)           0.000    27.928    convert/seg_OBUF[6]_inst_i_82_0[1]
    SLICE_X57Y18         CARRY4 (Prop_carry4_S[1]_CO[1])
                                                      0.491    28.419 r  convert/seg_OBUF[6]_inst_i_165/CO[1]
                         net (fo=1, routed)           0.665    29.084    convert/seg_OBUF[6]_inst_i_165_n_2
    SLICE_X56Y18         LUT3 (Prop_lut3_I0_O)        0.329    29.413 r  convert/seg_OBUF[6]_inst_i_82/O
                         net (fo=106, routed)         2.791    32.204    convert/seg_OBUF[6]_inst_i_82_n_0
    SLICE_X58Y10         LUT3 (Prop_lut3_I1_O)        0.152    32.356 r  convert/seg_OBUF[6]_inst_i_1277/O
                         net (fo=32, routed)          2.156    34.512    convert/tens0[5]
    SLICE_X60Y13         LUT6 (Prop_lut6_I2_O)        0.326    34.838 r  convert/seg_OBUF[6]_inst_i_2578/O
                         net (fo=1, routed)           0.000    34.838    convert/seg_OBUF[6]_inst_i_2578_n_0
    SLICE_X60Y13         CARRY4 (Prop_carry4_S[2]_CO[3])
                                                      0.380    35.218 r  convert/seg_OBUF[6]_inst_i_2373/CO[3]
                         net (fo=1, routed)           0.000    35.218    convert/seg_OBUF[6]_inst_i_2373_n_0
    SLICE_X60Y14         CARRY4 (Prop_carry4_CI_CO[3])
                                                      0.117    35.335 r  convert/seg_OBUF[6]_inst_i_2098/CO[3]
                         net (fo=1, routed)           0.000    35.335    convert/seg_OBUF[6]_inst_i_2098_n_0
    SLICE_X60Y15         CARRY4 (Prop_carry4_CI_CO[3])
                                                      0.117    35.452 r  convert/seg_OBUF[6]_inst_i_1737/CO[3]
                         net (fo=1, routed)           0.000    35.452    convert/seg_OBUF[6]_inst_i_1737_n_0
    SLICE_X60Y16         CARRY4 (Prop_carry4_CI_CO[3])
                                                      0.117    35.569 r  convert/seg_OBUF[6]_inst_i_1216/CO[3]
                         net (fo=1, routed)           0.000    35.569    convert/seg_OBUF[6]_inst_i_1216_n_0
    SLICE_X60Y17         CARRY4 (Prop_carry4_CI_CO[3])
                                                      0.117    35.686 r  convert/seg_OBUF[6]_inst_i_703/CO[3]
                         net (fo=1, routed)           0.000    35.686    convert/seg_OBUF[6]_inst_i_703_n_0
    SLICE_X60Y18         CARRY4 (Prop_carry4_CI_O[2])
                                                      0.239    35.925 r  convert/seg_OBUF[6]_inst_i_1279/O[2]
                         net (fo=4, routed)           1.273    37.198    convert/seg_OBUF[6]_inst_i_1279_n_5
    SLICE_X55Y13         LUT6 (Prop_lut6_I3_O)        0.301    37.499 r  convert/seg_OBUF[6]_inst_i_732/O
                         net (fo=1, routed)           0.475    37.974    convert/seg_OBUF[6]_inst_i_732_n_0
    SLICE_X56Y13         CARRY4 (Prop_carry4_DI[3]_CO[3])
                                                      0.396    38.370 r  convert/seg_OBUF[6]_inst_i_375/CO[3]
                         net (fo=1, routed)           0.000    38.370    convert/seg_OBUF[6]_inst_i_375_n_0
    SLICE_X56Y14         CARRY4 (Prop_carry4_CI_O[0])
                                                      0.219    38.589 r  convert/seg_OBUF[6]_inst_i_381/O[0]
                         net (fo=3, routed)           1.329    39.918    convert/seg_OBUF[6]_inst_i_381_n_7
    SLICE_X64Y16         LUT3 (Prop_lut3_I1_O)        0.295    40.213 r  convert/seg_OBUF[6]_inst_i_372/O
                         net (fo=2, routed)           0.792    41.005    convert/seg_OBUF[6]_inst_i_372_n_0
    SLICE_X62Y14         LUT5 (Prop_lut5_I1_O)        0.150    41.155 r  convert/seg_OBUF[6]_inst_i_172/O
                         net (fo=2, routed)           0.431    41.586    convert/seg_OBUF[6]_inst_i_172_n_0
    SLICE_X64Y14         LUT6 (Prop_lut6_I0_O)        0.326    41.912 r  convert/seg_OBUF[6]_inst_i_176/O
                         net (fo=1, routed)           0.000    41.912    convert/seg_OBUF[6]_inst_i_176_n_0
    SLICE_X64Y14         CARRY4 (Prop_carry4_S[3]_CO[3])
                                                      0.376    42.288 r  convert/seg_OBUF[6]_inst_i_88/CO[3]
                         net (fo=1, routed)           0.000    42.288    convert/seg_OBUF[6]_inst_i_88_n_0
    SLICE_X64Y15         CARRY4 (Prop_carry4_CI_O[1])
                                                      0.323    42.611 r  convert/seg_OBUF[6]_inst_i_168/O[1]
                         net (fo=2, routed)           0.885    43.496    convert/seg_OBUF[6]_inst_i_168_n_6
    SLICE_X64Y18         LUT2 (Prop_lut2_I0_O)        0.306    43.802 r  convert/seg_OBUF[6]_inst_i_170/O
                         net (fo=1, routed)           0.000    43.802    convert/seg_OBUF[6]_inst_i_170_n_0
    SLICE_X64Y18         CARRY4 (Prop_carry4_S[1]_O[1])
                                                      0.230    44.032 r  convert/seg_OBUF[6]_inst_i_85/O[1]
                         net (fo=1, routed)           1.284    45.316    convert/seg_OBUF[6]_inst_i_85_n_6
    SLICE_X56Y11         LUT2 (Prop_lut2_I1_O)        0.306    45.622 r  convert/seg_OBUF[6]_inst_i_45/O
                         net (fo=1, routed)           0.000    45.622    convert/seg_OBUF[6]_inst_i_45_n_0
    SLICE_X56Y11         CARRY4 (Prop_carry4_S[3]_CO[3])
                                                      0.376    45.998 r  convert/seg_OBUF[6]_inst_i_17/CO[3]
                         net (fo=1, routed)           0.000    45.998    convert/seg_OBUF[6]_inst_i_17_n_0
    SLICE_X56Y12         CARRY4 (Prop_carry4_CI_O[0])
                                                      0.219    46.217 r  convert/seg_OBUF[6]_inst_i_22/O[0]
                         net (fo=3, routed)           1.172    47.389    convert/seg_OBUF[6]_inst_i_22_n_7
    SLICE_X54Y10         LUT6 (Prop_lut6_I0_O)        0.295    47.684 r  convert/seg_OBUF[6]_inst_i_32/O
                         net (fo=1, routed)           0.830    48.515    top_module/program_counter/seg_OBUF[6]_inst_i_3_1
    SLICE_X52Y10         LUT6 (Prop_lut6_I5_O)        0.124    48.639 r  top_module/program_counter/seg_OBUF[6]_inst_i_10/O
                         net (fo=1, routed)           1.001    49.640    top_module/program_counter/seg_OBUF[6]_inst_i_10_n_0
    SLICE_X55Y16         LUT6 (Prop_lut6_I0_O)        0.124    49.764 r  top_module/program_counter/seg_OBUF[6]_inst_i_3/O
                         net (fo=7, routed)           0.847    50.611    top_module/program_counter/display/digit__31[2]
    SLICE_X56Y16         LUT4 (Prop_lut4_I3_O)        0.152    50.763 r  top_module/program_counter/seg_OBUF[4]_inst_i_1/O
                         net (fo=1, routed)           2.257    53.020    seg_OBUF[4]
    U8                   OBUF (Prop_obuf_I_O)         3.759    56.779 r  seg_OBUF[4]_inst/O
                         net (fo=0)                   0.000    56.779    seg[4]
    U8                                                                r  seg[4] (OUT)
  -------------------------------------------------------------------    -------------------

Slack:                    inf
  Source:                 top_module/program_counter/pc_reg[2]/C
                            (rising edge-triggered cell FDRE)
  Destination:            seg[5]
                            (output port)
  Path Group:             (none)
  Path Type:              Max at Slow Process Corner
  Data Path Delay:        56.640ns  (logic 18.189ns (32.114%)  route 38.451ns (67.886%))
  Logic Levels:           52  (CARRY4=26 FDRE=1 LUT2=4 LUT3=6 LUT4=6 LUT5=2 LUT6=5 OBUF=1 RAMD32=1)

    Location             Delay type                Incr(ns)  Path(ns)    Netlist Resource(s)
  -------------------------------------------------------------------    -------------------
    SLICE_X35Y0          FDRE                         0.000     0.000 r  top_module/program_counter/pc_reg[2]/C
    SLICE_X35Y0          FDRE (Prop_fdre_C_Q)         0.456     0.456 r  top_module/program_counter/pc_reg[2]/Q
                         net (fo=164, routed)         3.076     3.532    top_module/program_counter/pc[0]
    SLICE_X40Y0          LUT2 (Prop_lut2_I0_O)        0.124     3.656 r  top_module/program_counter/regf_reg_r1_0_31_0_5_i_9/O
                         net (fo=160, routed)         2.406     6.062    top_module/rf/regf_reg_r2_0_31_18_23/ADDRA2
    SLICE_X38Y5          RAMD32 (Prop_ramd32_RADR2_O)
                                                      0.148     6.210 r  top_module/rf/regf_reg_r2_0_31_18_23/RAMA/O
                         net (fo=1, routed)           1.119     7.328    top_module/program_counter/rd20[18]
    SLICE_X43Y4          LUT5 (Prop_lut5_I0_O)        0.328     7.656 r  top_module/program_counter/result0_carry__3_i_6/O
                         net (fo=1, routed)           0.000     7.656    top_module/alu/regf_reg_r1_0_31_12_17_i_6_0[2]
    SLICE_X43Y4          CARRY4 (Prop_carry4_S[2]_CO[3])
                                                      0.398     8.054 r  top_module/alu/result0_carry__3/CO[3]
                         net (fo=1, routed)           0.000     8.054    top_module/alu/result0_carry__3_n_0
    SLICE_X43Y5          CARRY4 (Prop_carry4_CI_CO[3])
                                                      0.114     8.168 r  top_module/alu/result0_carry__4/CO[3]
                         net (fo=1, routed)           0.000     8.168    top_module/alu/result0_carry__4_n_0
    SLICE_X43Y6          CARRY4 (Prop_carry4_CI_O[1])
                                                      0.334     8.502 r  top_module/alu/result0_carry__5/O[1]
                         net (fo=1, routed)           0.799     9.301    top_module/program_counter/data0[25]
    SLICE_X39Y5          LUT4 (Prop_lut4_I2_O)        0.303     9.604 r  top_module/program_counter/regf_reg_r1_0_31_24_29_i_1/O
                         net (fo=111, routed)         5.579    15.184    convert/result[25]
    SLICE_X65Y6          LUT3 (Prop_lut3_I2_O)        0.152    15.336 r  convert/seg_OBUF[6]_inst_i_1652/O
                         net (fo=2, routed)           0.676    16.012    convert/seg_OBUF[6]_inst_i_1652_n_0
    SLICE_X61Y7          CARRY4 (Prop_carry4_DI[0]_CO[3])
                                                      0.734    16.746 r  convert/seg_OBUF[6]_inst_i_1167/CO[3]
                         net (fo=1, routed)           0.000    16.746    convert/seg_OBUF[6]_inst_i_1167_n_0
    SLICE_X61Y8          CARRY4 (Prop_carry4_CI_CO[3])
                                                      0.114    16.860 r  convert/seg_OBUF[6]_inst_i_1932/CO[3]
                         net (fo=1, routed)           0.000    16.860    convert/seg_OBUF[6]_inst_i_1932_n_0
    SLICE_X61Y9          CARRY4 (Prop_carry4_CI_CO[1])
                                                      0.157    17.017 f  convert/seg_OBUF[6]_inst_i_2065/CO[1]
                         net (fo=24, routed)          1.109    18.126    convert/seg_OBUF[6]_inst_i_2065_n_2
    SLICE_X62Y12         LUT3 (Prop_lut3_I1_O)        0.358    18.484 r  convert/seg_OBUF[6]_inst_i_1694/O
                         net (fo=19, routed)          1.338    19.822    convert/seg_OBUF[6]_inst_i_1694_n_0
    SLICE_X62Y11         LUT4 (Prop_lut4_I0_O)        0.327    20.149 r  convert/seg_OBUF[6]_inst_i_1721/O
                         net (fo=1, routed)           0.000    20.149    convert/seg_OBUF[6]_inst_i_1721_n_0
    SLICE_X62Y11         CARRY4 (Prop_carry4_S[1]_CO[3])
                                                      0.550    20.699 r  convert/seg_OBUF[6]_inst_i_1200/CO[3]
                         net (fo=1, routed)           0.000    20.699    convert/seg_OBUF[6]_inst_i_1200_n_0
    SLICE_X62Y12         CARRY4 (Prop_carry4_CI_O[1])
                                                      0.334    21.033 r  convert/seg_OBUF[6]_inst_i_1187/O[1]
                         net (fo=2, routed)           0.875    21.908    convert/seg_OBUF[6]_inst_i_1187_n_6
    SLICE_X59Y10         LUT3 (Prop_lut3_I0_O)        0.329    22.237 r  convert/seg_OBUF[6]_inst_i_680/O
                         net (fo=2, routed)           0.860    23.097    convert/seg_OBUF[6]_inst_i_680_n_0
    SLICE_X59Y10         LUT4 (Prop_lut4_I3_O)        0.332    23.429 r  convert/seg_OBUF[6]_inst_i_684/O
                         net (fo=1, routed)           0.000    23.429    convert/seg_OBUF[6]_inst_i_684_n_0
    SLICE_X59Y10         CARRY4 (Prop_carry4_S[2]_CO[3])
                                                      0.398    23.827 r  convert/seg_OBUF[6]_inst_i_356/CO[3]
                         net (fo=1, routed)           0.000    23.827    convert/seg_OBUF[6]_inst_i_356_n_0
    SLICE_X59Y11         CARRY4 (Prop_carry4_CI_O[0])
                                                      0.222    24.049 r  convert/seg_OBUF[6]_inst_i_355/O[0]
                         net (fo=10, routed)          1.444    25.493    convert/seg_OBUF[6]_inst_i_355_n_7
    SLICE_X58Y17         LUT2 (Prop_lut2_I0_O)        0.299    25.792 r  convert/seg_OBUF[6]_inst_i_673/O
                         net (fo=1, routed)           0.000    25.792    convert/seg_OBUF[6]_inst_i_673_n_0
    SLICE_X58Y17         CARRY4 (Prop_carry4_S[3]_CO[3])
                                                      0.401    26.193 r  convert/seg_OBUF[6]_inst_i_354/CO[3]
                         net (fo=1, routed)           0.000    26.193    convert/seg_OBUF[6]_inst_i_354_n_0
    SLICE_X58Y18         CARRY4 (Prop_carry4_CI_O[1])
                                                      0.334    26.527 r  convert/seg_OBUF[6]_inst_i_166/O[1]
                         net (fo=2, routed)           1.099    27.625    top_module/program_counter/seg_OBUF[6]_inst_i_165[1]
    SLICE_X57Y18         LUT4 (Prop_lut4_I2_O)        0.303    27.928 r  top_module/program_counter/seg_OBUF[6]_inst_i_352/O
                         net (fo=1, routed)           0.000    27.928    convert/seg_OBUF[6]_inst_i_82_0[1]
    SLICE_X57Y18         CARRY4 (Prop_carry4_S[1]_CO[1])
                                                      0.491    28.419 r  convert/seg_OBUF[6]_inst_i_165/CO[1]
                         net (fo=1, routed)           0.665    29.084    convert/seg_OBUF[6]_inst_i_165_n_2
    SLICE_X56Y18         LUT3 (Prop_lut3_I0_O)        0.329    29.413 r  convert/seg_OBUF[6]_inst_i_82/O
                         net (fo=106, routed)         2.791    32.204    convert/seg_OBUF[6]_inst_i_82_n_0
    SLICE_X58Y10         LUT3 (Prop_lut3_I1_O)        0.152    32.356 r  convert/seg_OBUF[6]_inst_i_1277/O
                         net (fo=32, routed)          2.156    34.512    convert/tens0[5]
    SLICE_X60Y13         LUT6 (Prop_lut6_I2_O)        0.326    34.838 r  convert/seg_OBUF[6]_inst_i_2578/O
                         net (fo=1, routed)           0.000    34.838    convert/seg_OBUF[6]_inst_i_2578_n_0
    SLICE_X60Y13         CARRY4 (Prop_carry4_S[2]_CO[3])
                                                      0.380    35.218 r  convert/seg_OBUF[6]_inst_i_2373/CO[3]
                         net (fo=1, routed)           0.000    35.218    convert/seg_OBUF[6]_inst_i_2373_n_0
    SLICE_X60Y14         CARRY4 (Prop_carry4_CI_CO[3])
                                                      0.117    35.335 r  convert/seg_OBUF[6]_inst_i_2098/CO[3]
                         net (fo=1, routed)           0.000    35.335    convert/seg_OBUF[6]_inst_i_2098_n_0
    SLICE_X60Y15         CARRY4 (Prop_carry4_CI_CO[3])
                                                      0.117    35.452 r  convert/seg_OBUF[6]_inst_i_1737/CO[3]
                         net (fo=1, routed)           0.000    35.452    convert/seg_OBUF[6]_inst_i_1737_n_0
    SLICE_X60Y16         CARRY4 (Prop_carry4_CI_CO[3])
                                                      0.117    35.569 r  convert/seg_OBUF[6]_inst_i_1216/CO[3]
                         net (fo=1, routed)           0.000    35.569    convert/seg_OBUF[6]_inst_i_1216_n_0
    SLICE_X60Y17         CARRY4 (Prop_carry4_CI_CO[3])
                                                      0.117    35.686 r  convert/seg_OBUF[6]_inst_i_703/CO[3]
                         net (fo=1, routed)           0.000    35.686    convert/seg_OBUF[6]_inst_i_703_n_0
    SLICE_X60Y18         CARRY4 (Prop_carry4_CI_O[2])
                                                      0.239    35.925 r  convert/seg_OBUF[6]_inst_i_1279/O[2]
                         net (fo=4, routed)           1.273    37.198    convert/seg_OBUF[6]_inst_i_1279_n_5
    SLICE_X55Y13         LUT6 (Prop_lut6_I3_O)        0.301    37.499 r  convert/seg_OBUF[6]_inst_i_732/O
                         net (fo=1, routed)           0.475    37.974    convert/seg_OBUF[6]_inst_i_732_n_0
    SLICE_X56Y13         CARRY4 (Prop_carry4_DI[3]_CO[3])
                                                      0.396    38.370 r  convert/seg_OBUF[6]_inst_i_375/CO[3]
                         net (fo=1, routed)           0.000    38.370    convert/seg_OBUF[6]_inst_i_375_n_0
    SLICE_X56Y14         CARRY4 (Prop_carry4_CI_O[0])
                                                      0.219    38.589 r  convert/seg_OBUF[6]_inst_i_381/O[0]
                         net (fo=3, routed)           1.329    39.918    convert/seg_OBUF[6]_inst_i_381_n_7
    SLICE_X64Y16         LUT3 (Prop_lut3_I1_O)        0.295    40.213 r  convert/seg_OBUF[6]_inst_i_372/O
                         net (fo=2, routed)           0.792    41.005    convert/seg_OBUF[6]_inst_i_372_n_0
    SLICE_X62Y14         LUT5 (Prop_lut5_I1_O)        0.150    41.155 r  convert/seg_OBUF[6]_inst_i_172/O
                         net (fo=2, routed)           0.431    41.586    convert/seg_OBUF[6]_inst_i_172_n_0
    SLICE_X64Y14         LUT6 (Prop_lut6_I0_O)        0.326    41.912 r  convert/seg_OBUF[6]_inst_i_176/O
                         net (fo=1, routed)           0.000    41.912    convert/seg_OBUF[6]_inst_i_176_n_0
    SLICE_X64Y14         CARRY4 (Prop_carry4_S[3]_CO[3])
                                                      0.376    42.288 r  convert/seg_OBUF[6]_inst_i_88/CO[3]
                         net (fo=1, routed)           0.000    42.288    convert/seg_OBUF[6]_inst_i_88_n_0
    SLICE_X64Y15         CARRY4 (Prop_carry4_CI_O[1])
                                                      0.323    42.611 r  convert/seg_OBUF[6]_inst_i_168/O[1]
                         net (fo=2, routed)           0.885    43.496    convert/seg_OBUF[6]_inst_i_168_n_6
    SLICE_X64Y18         LUT2 (Prop_lut2_I0_O)        0.306    43.802 r  convert/seg_OBUF[6]_inst_i_170/O
                         net (fo=1, routed)           0.000    43.802    convert/seg_OBUF[6]_inst_i_170_n_0
    SLICE_X64Y18         CARRY4 (Prop_carry4_S[1]_O[1])
                                                      0.230    44.032 r  convert/seg_OBUF[6]_inst_i_85/O[1]
                         net (fo=1, routed)           1.284    45.316    convert/seg_OBUF[6]_inst_i_85_n_6
    SLICE_X56Y11         LUT2 (Prop_lut2_I1_O)        0.306    45.622 r  convert/seg_OBUF[6]_inst_i_45/O
                         net (fo=1, routed)           0.000    45.622    convert/seg_OBUF[6]_inst_i_45_n_0
    SLICE_X56Y11         CARRY4 (Prop_carry4_S[3]_CO[3])
                                                      0.376    45.998 r  convert/seg_OBUF[6]_inst_i_17/CO[3]
                         net (fo=1, routed)           0.000    45.998    convert/seg_OBUF[6]_inst_i_17_n_0
    SLICE_X56Y12         CARRY4 (Prop_carry4_CI_O[0])
                                                      0.219    46.217 r  convert/seg_OBUF[6]_inst_i_22/O[0]
                         net (fo=3, routed)           1.116    47.334    convert/seg_OBUF[6]_inst_i_22_n_7
    SLICE_X54Y10         LUT4 (Prop_lut4_I3_O)        0.295    47.629 r  convert/seg_OBUF[6]_inst_i_59/O
                         net (fo=1, routed)           0.494    48.123    top_module/program_counter/seg_OBUF[6]_inst_i_5_0
    SLICE_X54Y10         LUT6 (Prop_lut6_I4_O)        0.124    48.247 r  top_module/program_counter/seg_OBUF[6]_inst_i_20/O
                         net (fo=1, routed)           1.169    49.416    top_module/program_counter/seg_OBUF[6]_inst_i_20_n_0
    SLICE_X55Y16         LUT6 (Prop_lut6_I0_O)        0.124    49.540 r  top_module/program_counter/seg_OBUF[6]_inst_i_5/O
                         net (fo=7, routed)           1.037    50.577    top_module/program_counter/display/digit__31[1]
    SLICE_X56Y16         LUT4 (Prop_lut4_I3_O)        0.153    50.730 r  top_module/program_counter/seg_OBUF[5]_inst_i_1/O
                         net (fo=1, routed)           2.174    52.904    seg_OBUF[5]
    W6                   OBUF (Prop_obuf_I_O)         3.736    56.640 r  seg_OBUF[5]_inst/O
                         net (fo=0)                   0.000    56.640    seg[5]
    W6                                                                r  seg[5] (OUT)
  -------------------------------------------------------------------    -------------------

Slack:                    inf
  Source:                 top_module/program_counter/pc_reg[2]/C
                            (rising edge-triggered cell FDRE)
  Destination:            seg[6]
                            (output port)
  Path Group:             (none)
  Path Type:              Max at Slow Process Corner
  Data Path Delay:        56.635ns  (logic 18.165ns (32.073%)  route 38.470ns (67.927%))
  Logic Levels:           52  (CARRY4=26 FDRE=1 LUT2=4 LUT3=6 LUT4=5 LUT5=2 LUT6=6 OBUF=1 RAMD32=1)

    Location             Delay type                Incr(ns)  Path(ns)    Netlist Resource(s)
  -------------------------------------------------------------------    -------------------
    SLICE_X35Y0          FDRE                         0.000     0.000 r  top_module/program_counter/pc_reg[2]/C
    SLICE_X35Y0          FDRE (Prop_fdre_C_Q)         0.456     0.456 r  top_module/program_counter/pc_reg[2]/Q
                         net (fo=164, routed)         3.076     3.532    top_module/program_counter/pc[0]
    SLICE_X40Y0          LUT2 (Prop_lut2_I0_O)        0.124     3.656 r  top_module/program_counter/regf_reg_r1_0_31_0_5_i_9/O
                         net (fo=160, routed)         2.406     6.062    top_module/rf/regf_reg_r2_0_31_18_23/ADDRA2
    SLICE_X38Y5          RAMD32 (Prop_ramd32_RADR2_O)
                                                      0.148     6.210 r  top_module/rf/regf_reg_r2_0_31_18_23/RAMA/O
                         net (fo=1, routed)           1.119     7.328    top_module/program_counter/rd20[18]
    SLICE_X43Y4          LUT5 (Prop_lut5_I0_O)        0.328     7.656 r  top_module/program_counter/result0_carry__3_i_6/O
                         net (fo=1, routed)           0.000     7.656    top_module/alu/regf_reg_r1_0_31_12_17_i_6_0[2]
    SLICE_X43Y4          CARRY4 (Prop_carry4_S[2]_CO[3])
                                                      0.398     8.054 r  top_module/alu/result0_carry__3/CO[3]
                         net (fo=1, routed)           0.000     8.054    top_module/alu/result0_carry__3_n_0
    SLICE_X43Y5          CARRY4 (Prop_carry4_CI_CO[3])
                                                      0.114     8.168 r  top_module/alu/result0_carry__4/CO[3]
                         net (fo=1, routed)           0.000     8.168    top_module/alu/result0_carry__4_n_0
    SLICE_X43Y6          CARRY4 (Prop_carry4_CI_O[1])
                                                      0.334     8.502 r  top_module/alu/result0_carry__5/O[1]
                         net (fo=1, routed)           0.799     9.301    top_module/program_counter/data0[25]
    SLICE_X39Y5          LUT4 (Prop_lut4_I2_O)        0.303     9.604 r  top_module/program_counter/regf_reg_r1_0_31_24_29_i_1/O
                         net (fo=111, routed)         5.579    15.184    convert/result[25]
    SLICE_X65Y6          LUT3 (Prop_lut3_I2_O)        0.152    15.336 r  convert/seg_OBUF[6]_inst_i_1652/O
                         net (fo=2, routed)           0.676    16.012    convert/seg_OBUF[6]_inst_i_1652_n_0
    SLICE_X61Y7          CARRY4 (Prop_carry4_DI[0]_CO[3])
                                                      0.734    16.746 r  convert/seg_OBUF[6]_inst_i_1167/CO[3]
                         net (fo=1, routed)           0.000    16.746    convert/seg_OBUF[6]_inst_i_1167_n_0
    SLICE_X61Y8          CARRY4 (Prop_carry4_CI_CO[3])
                                                      0.114    16.860 r  convert/seg_OBUF[6]_inst_i_1932/CO[3]
                         net (fo=1, routed)           0.000    16.860    convert/seg_OBUF[6]_inst_i_1932_n_0
    SLICE_X61Y9          CARRY4 (Prop_carry4_CI_CO[1])
                                                      0.157    17.017 f  convert/seg_OBUF[6]_inst_i_2065/CO[1]
                         net (fo=24, routed)          1.109    18.126    convert/seg_OBUF[6]_inst_i_2065_n_2
    SLICE_X62Y12         LUT3 (Prop_lut3_I1_O)        0.358    18.484 r  convert/seg_OBUF[6]_inst_i_1694/O
                         net (fo=19, routed)          1.338    19.822    convert/seg_OBUF[6]_inst_i_1694_n_0
    SLICE_X62Y11         LUT4 (Prop_lut4_I0_O)        0.327    20.149 r  convert/seg_OBUF[6]_inst_i_1721/O
                         net (fo=1, routed)           0.000    20.149    convert/seg_OBUF[6]_inst_i_1721_n_0
    SLICE_X62Y11         CARRY4 (Prop_carry4_S[1]_CO[3])
                                                      0.550    20.699 r  convert/seg_OBUF[6]_inst_i_1200/CO[3]
                         net (fo=1, routed)           0.000    20.699    convert/seg_OBUF[6]_inst_i_1200_n_0
    SLICE_X62Y12         CARRY4 (Prop_carry4_CI_O[1])
                                                      0.334    21.033 r  convert/seg_OBUF[6]_inst_i_1187/O[1]
                         net (fo=2, routed)           0.875    21.908    convert/seg_OBUF[6]_inst_i_1187_n_6
    SLICE_X59Y10         LUT3 (Prop_lut3_I0_O)        0.329    22.237 r  convert/seg_OBUF[6]_inst_i_680/O
                         net (fo=2, routed)           0.860    23.097    convert/seg_OBUF[6]_inst_i_680_n_0
    SLICE_X59Y10         LUT4 (Prop_lut4_I3_O)        0.332    23.429 r  convert/seg_OBUF[6]_inst_i_684/O
                         net (fo=1, routed)           0.000    23.429    convert/seg_OBUF[6]_inst_i_684_n_0
    SLICE_X59Y10         CARRY4 (Prop_carry4_S[2]_CO[3])
                                                      0.398    23.827 r  convert/seg_OBUF[6]_inst_i_356/CO[3]
                         net (fo=1, routed)           0.000    23.827    convert/seg_OBUF[6]_inst_i_356_n_0
    SLICE_X59Y11         CARRY4 (Prop_carry4_CI_O[0])
                                                      0.222    24.049 r  convert/seg_OBUF[6]_inst_i_355/O[0]
                         net (fo=10, routed)          1.444    25.493    convert/seg_OBUF[6]_inst_i_355_n_7
    SLICE_X58Y17         LUT2 (Prop_lut2_I0_O)        0.299    25.792 r  convert/seg_OBUF[6]_inst_i_673/O
                         net (fo=1, routed)           0.000    25.792    convert/seg_OBUF[6]_inst_i_673_n_0
    SLICE_X58Y17         CARRY4 (Prop_carry4_S[3]_CO[3])
                                                      0.401    26.193 r  convert/seg_OBUF[6]_inst_i_354/CO[3]
                         net (fo=1, routed)           0.000    26.193    convert/seg_OBUF[6]_inst_i_354_n_0
    SLICE_X58Y18         CARRY4 (Prop_carry4_CI_O[1])
                                                      0.334    26.527 r  convert/seg_OBUF[6]_inst_i_166/O[1]
                         net (fo=2, routed)           1.099    27.625    top_module/program_counter/seg_OBUF[6]_inst_i_165[1]
    SLICE_X57Y18         LUT4 (Prop_lut4_I2_O)        0.303    27.928 r  top_module/program_counter/seg_OBUF[6]_inst_i_352/O
                         net (fo=1, routed)           0.000    27.928    convert/seg_OBUF[6]_inst_i_82_0[1]
    SLICE_X57Y18         CARRY4 (Prop_carry4_S[1]_CO[1])
                                                      0.491    28.419 r  convert/seg_OBUF[6]_inst_i_165/CO[1]
                         net (fo=1, routed)           0.665    29.084    convert/seg_OBUF[6]_inst_i_165_n_2
    SLICE_X56Y18         LUT3 (Prop_lut3_I0_O)        0.329    29.413 r  convert/seg_OBUF[6]_inst_i_82/O
                         net (fo=106, routed)         2.791    32.204    convert/seg_OBUF[6]_inst_i_82_n_0
    SLICE_X58Y10         LUT3 (Prop_lut3_I1_O)        0.152    32.356 r  convert/seg_OBUF[6]_inst_i_1277/O
                         net (fo=32, routed)          2.156    34.512    convert/tens0[5]
    SLICE_X60Y13         LUT6 (Prop_lut6_I2_O)        0.326    34.838 r  convert/seg_OBUF[6]_inst_i_2578/O
                         net (fo=1, routed)           0.000    34.838    convert/seg_OBUF[6]_inst_i_2578_n_0
    SLICE_X60Y13         CARRY4 (Prop_carry4_S[2]_CO[3])
                                                      0.380    35.218 r  convert/seg_OBUF[6]_inst_i_2373/CO[3]
                         net (fo=1, routed)           0.000    35.218    convert/seg_OBUF[6]_inst_i_2373_n_0
    SLICE_X60Y14         CARRY4 (Prop_carry4_CI_CO[3])
                                                      0.117    35.335 r  convert/seg_OBUF[6]_inst_i_2098/CO[3]
                         net (fo=1, routed)           0.000    35.335    convert/seg_OBUF[6]_inst_i_2098_n_0
    SLICE_X60Y15         CARRY4 (Prop_carry4_CI_CO[3])
                                                      0.117    35.452 r  convert/seg_OBUF[6]_inst_i_1737/CO[3]
                         net (fo=1, routed)           0.000    35.452    convert/seg_OBUF[6]_inst_i_1737_n_0
    SLICE_X60Y16         CARRY4 (Prop_carry4_CI_CO[3])
                                                      0.117    35.569 r  convert/seg_OBUF[6]_inst_i_1216/CO[3]
                         net (fo=1, routed)           0.000    35.569    convert/seg_OBUF[6]_inst_i_1216_n_0
    SLICE_X60Y17         CARRY4 (Prop_carry4_CI_CO[3])
                                                      0.117    35.686 r  convert/seg_OBUF[6]_inst_i_703/CO[3]
                         net (fo=1, routed)           0.000    35.686    convert/seg_OBUF[6]_inst_i_703_n_0
    SLICE_X60Y18         CARRY4 (Prop_carry4_CI_O[2])
                                                      0.239    35.925 r  convert/seg_OBUF[6]_inst_i_1279/O[2]
                         net (fo=4, routed)           1.273    37.198    convert/seg_OBUF[6]_inst_i_1279_n_5
    SLICE_X55Y13         LUT6 (Prop_lut6_I3_O)        0.301    37.499 r  convert/seg_OBUF[6]_inst_i_732/O
                         net (fo=1, routed)           0.475    37.974    convert/seg_OBUF[6]_inst_i_732_n_0
    SLICE_X56Y13         CARRY4 (Prop_carry4_DI[3]_CO[3])
                                                      0.396    38.370 r  convert/seg_OBUF[6]_inst_i_375/CO[3]
                         net (fo=1, routed)           0.000    38.370    convert/seg_OBUF[6]_inst_i_375_n_0
    SLICE_X56Y14         CARRY4 (Prop_carry4_CI_O[0])
                                                      0.219    38.589 r  convert/seg_OBUF[6]_inst_i_381/O[0]
                         net (fo=3, routed)           1.329    39.918    convert/seg_OBUF[6]_inst_i_381_n_7
    SLICE_X64Y16         LUT3 (Prop_lut3_I1_O)        0.295    40.213 r  convert/seg_OBUF[6]_inst_i_372/O
                         net (fo=2, routed)           0.792    41.005    convert/seg_OBUF[6]_inst_i_372_n_0
    SLICE_X62Y14         LUT5 (Prop_lut5_I1_O)        0.150    41.155 r  convert/seg_OBUF[6]_inst_i_172/O
                         net (fo=2, routed)           0.431    41.586    convert/seg_OBUF[6]_inst_i_172_n_0
    SLICE_X64Y14         LUT6 (Prop_lut6_I0_O)        0.326    41.912 r  convert/seg_OBUF[6]_inst_i_176/O
                         net (fo=1, routed)           0.000    41.912    convert/seg_OBUF[6]_inst_i_176_n_0
    SLICE_X64Y14         CARRY4 (Prop_carry4_S[3]_CO[3])
                                                      0.376    42.288 r  convert/seg_OBUF[6]_inst_i_88/CO[3]
                         net (fo=1, routed)           0.000    42.288    convert/seg_OBUF[6]_inst_i_88_n_0
    SLICE_X64Y15         CARRY4 (Prop_carry4_CI_O[1])
                                                      0.323    42.611 r  convert/seg_OBUF[6]_inst_i_168/O[1]
                         net (fo=2, routed)           0.885    43.496    convert/seg_OBUF[6]_inst_i_168_n_6
    SLICE_X64Y18         LUT2 (Prop_lut2_I0_O)        0.306    43.802 r  convert/seg_OBUF[6]_inst_i_170/O
                         net (fo=1, routed)           0.000    43.802    convert/seg_OBUF[6]_inst_i_170_n_0
    SLICE_X64Y18         CARRY4 (Prop_carry4_S[1]_O[1])
                                                      0.230    44.032 r  convert/seg_OBUF[6]_inst_i_85/O[1]
                         net (fo=1, routed)           1.284    45.316    convert/seg_OBUF[6]_inst_i_85_n_6
    SLICE_X56Y11         LUT2 (Prop_lut2_I1_O)        0.306    45.622 r  convert/seg_OBUF[6]_inst_i_45/O
                         net (fo=1, routed)           0.000    45.622    convert/seg_OBUF[6]_inst_i_45_n_0
    SLICE_X56Y11         CARRY4 (Prop_carry4_S[3]_CO[3])
                                                      0.376    45.998 r  convert/seg_OBUF[6]_inst_i_17/CO[3]
                         net (fo=1, routed)           0.000    45.998    convert/seg_OBUF[6]_inst_i_17_n_0
    SLICE_X56Y12         CARRY4 (Prop_carry4_CI_O[0])
                                                      0.219    46.217 r  convert/seg_OBUF[6]_inst_i_22/O[0]
                         net (fo=3, routed)           1.172    47.389    convert/seg_OBUF[6]_inst_i_22_n_7
    SLICE_X54Y10         LUT6 (Prop_lut6_I0_O)        0.295    47.684 r  convert/seg_OBUF[6]_inst_i_32/O
                         net (fo=1, routed)           0.830    48.515    top_module/program_counter/seg_OBUF[6]_inst_i_3_1
    SLICE_X52Y10         LUT6 (Prop_lut6_I5_O)        0.124    48.639 r  top_module/program_counter/seg_OBUF[6]_inst_i_10/O
                         net (fo=1, routed)           1.001    49.640    top_module/program_counter/seg_OBUF[6]_inst_i_10_n_0
    SLICE_X55Y16         LUT6 (Prop_lut6_I0_O)        0.124    49.764 r  top_module/program_counter/seg_OBUF[6]_inst_i_3/O
                         net (fo=7, routed)           0.857    50.621    top_module/program_counter/display/digit__31[2]
    SLICE_X56Y16         LUT4 (Prop_lut4_I1_O)        0.150    50.771 r  top_module/program_counter/seg_OBUF[6]_inst_i_1/O
                         net (fo=1, routed)           2.149    52.921    seg_OBUF[6]
    W7                   OBUF (Prop_obuf_I_O)         3.715    56.635 r  seg_OBUF[6]_inst/O
                         net (fo=0)                   0.000    56.635    seg[6]
    W7                                                                r  seg[6] (OUT)
  -------------------------------------------------------------------    -------------------

Slack:                    inf
  Source:                 top_module/program_counter/pc_reg[2]/C
                            (rising edge-triggered cell FDRE)
  Destination:            seg[3]
                            (output port)
  Path Group:             (none)
  Path Type:              Max at Slow Process Corner
  Data Path Delay:        56.356ns  (logic 17.960ns (31.868%)  route 38.396ns (68.132%))
  Logic Levels:           52  (CARRY4=26 FDRE=1 LUT2=4 LUT3=6 LUT4=6 LUT5=2 LUT6=5 OBUF=1 RAMD32=1)

    Location             Delay type                Incr(ns)  Path(ns)    Netlist Resource(s)
  -------------------------------------------------------------------    -------------------
    SLICE_X35Y0          FDRE                         0.000     0.000 r  top_module/program_counter/pc_reg[2]/C
    SLICE_X35Y0          FDRE (Prop_fdre_C_Q)         0.456     0.456 r  top_module/program_counter/pc_reg[2]/Q
                         net (fo=164, routed)         3.076     3.532    top_module/program_counter/pc[0]
    SLICE_X40Y0          LUT2 (Prop_lut2_I0_O)        0.124     3.656 r  top_module/program_counter/regf_reg_r1_0_31_0_5_i_9/O
                         net (fo=160, routed)         2.406     6.062    top_module/rf/regf_reg_r2_0_31_18_23/ADDRA2
    SLICE_X38Y5          RAMD32 (Prop_ramd32_RADR2_O)
                                                      0.148     6.210 r  top_module/rf/regf_reg_r2_0_31_18_23/RAMA/O
                         net (fo=1, routed)           1.119     7.328    top_module/program_counter/rd20[18]
    SLICE_X43Y4          LUT5 (Prop_lut5_I0_O)        0.328     7.656 r  top_module/program_counter/result0_carry__3_i_6/O
                         net (fo=1, routed)           0.000     7.656    top_module/alu/regf_reg_r1_0_31_12_17_i_6_0[2]
    SLICE_X43Y4          CARRY4 (Prop_carry4_S[2]_CO[3])
                                                      0.398     8.054 r  top_module/alu/result0_carry__3/CO[3]
                         net (fo=1, routed)           0.000     8.054    top_module/alu/result0_carry__3_n_0
    SLICE_X43Y5          CARRY4 (Prop_carry4_CI_CO[3])
                                                      0.114     8.168 r  top_module/alu/result0_carry__4/CO[3]
                         net (fo=1, routed)           0.000     8.168    top_module/alu/result0_carry__4_n_0
    SLICE_X43Y6          CARRY4 (Prop_carry4_CI_O[1])
                                                      0.334     8.502 r  top_module/alu/result0_carry__5/O[1]
                         net (fo=1, routed)           0.799     9.301    top_module/program_counter/data0[25]
    SLICE_X39Y5          LUT4 (Prop_lut4_I2_O)        0.303     9.604 r  top_module/program_counter/regf_reg_r1_0_31_24_29_i_1/O
                         net (fo=111, routed)         5.579    15.184    convert/result[25]
    SLICE_X65Y6          LUT3 (Prop_lut3_I2_O)        0.152    15.336 r  convert/seg_OBUF[6]_inst_i_1652/O
                         net (fo=2, routed)           0.676    16.012    convert/seg_OBUF[6]_inst_i_1652_n_0
    SLICE_X61Y7          CARRY4 (Prop_carry4_DI[0]_CO[3])
                                                      0.734    16.746 r  convert/seg_OBUF[6]_inst_i_1167/CO[3]
                         net (fo=1, routed)           0.000    16.746    convert/seg_OBUF[6]_inst_i_1167_n_0
    SLICE_X61Y8          CARRY4 (Prop_carry4_CI_CO[3])
                                                      0.114    16.860 r  convert/seg_OBUF[6]_inst_i_1932/CO[3]
                         net (fo=1, routed)           0.000    16.860    convert/seg_OBUF[6]_inst_i_1932_n_0
    SLICE_X61Y9          CARRY4 (Prop_carry4_CI_CO[1])
                                                      0.157    17.017 f  convert/seg_OBUF[6]_inst_i_2065/CO[1]
                         net (fo=24, routed)          1.109    18.126    convert/seg_OBUF[6]_inst_i_2065_n_2
    SLICE_X62Y12         LUT3 (Prop_lut3_I1_O)        0.358    18.484 r  convert/seg_OBUF[6]_inst_i_1694/O
                         net (fo=19, routed)          1.338    19.822    convert/seg_OBUF[6]_inst_i_1694_n_0
    SLICE_X62Y11         LUT4 (Prop_lut4_I0_O)        0.327    20.149 r  convert/seg_OBUF[6]_inst_i_1721/O
                         net (fo=1, routed)           0.000    20.149    convert/seg_OBUF[6]_inst_i_1721_n_0
    SLICE_X62Y11         CARRY4 (Prop_carry4_S[1]_CO[3])
                                                      0.550    20.699 r  convert/seg_OBUF[6]_inst_i_1200/CO[3]
                         net (fo=1, routed)           0.000    20.699    convert/seg_OBUF[6]_inst_i_1200_n_0
    SLICE_X62Y12         CARRY4 (Prop_carry4_CI_O[1])
                                                      0.334    21.033 r  convert/seg_OBUF[6]_inst_i_1187/O[1]
                         net (fo=2, routed)           0.875    21.908    convert/seg_OBUF[6]_inst_i_1187_n_6
    SLICE_X59Y10         LUT3 (Prop_lut3_I0_O)        0.329    22.237 r  convert/seg_OBUF[6]_inst_i_680/O
                         net (fo=2, routed)           0.860    23.097    convert/seg_OBUF[6]_inst_i_680_n_0
    SLICE_X59Y10         LUT4 (Prop_lut4_I3_O)        0.332    23.429 r  convert/seg_OBUF[6]_inst_i_684/O
                         net (fo=1, routed)           0.000    23.429    convert/seg_OBUF[6]_inst_i_684_n_0
    SLICE_X59Y10         CARRY4 (Prop_carry4_S[2]_CO[3])
                                                      0.398    23.827 r  convert/seg_OBUF[6]_inst_i_356/CO[3]
                         net (fo=1, routed)           0.000    23.827    convert/seg_OBUF[6]_inst_i_356_n_0
    SLICE_X59Y11         CARRY4 (Prop_carry4_CI_O[0])
                                                      0.222    24.049 r  convert/seg_OBUF[6]_inst_i_355/O[0]
                         net (fo=10, routed)          1.444    25.493    convert/seg_OBUF[6]_inst_i_355_n_7
    SLICE_X58Y17         LUT2 (Prop_lut2_I0_O)        0.299    25.792 r  convert/seg_OBUF[6]_inst_i_673/O
                         net (fo=1, routed)           0.000    25.792    convert/seg_OBUF[6]_inst_i_673_n_0
    SLICE_X58Y17         CARRY4 (Prop_carry4_S[3]_CO[3])
                                                      0.401    26.193 r  convert/seg_OBUF[6]_inst_i_354/CO[3]
                         net (fo=1, routed)           0.000    26.193    convert/seg_OBUF[6]_inst_i_354_n_0
    SLICE_X58Y18         CARRY4 (Prop_carry4_CI_O[1])
                                                      0.334    26.527 r  convert/seg_OBUF[6]_inst_i_166/O[1]
                         net (fo=2, routed)           1.099    27.625    top_module/program_counter/seg_OBUF[6]_inst_i_165[1]
    SLICE_X57Y18         LUT4 (Prop_lut4_I2_O)        0.303    27.928 r  top_module/program_counter/seg_OBUF[6]_inst_i_352/O
                         net (fo=1, routed)           0.000    27.928    convert/seg_OBUF[6]_inst_i_82_0[1]
    SLICE_X57Y18         CARRY4 (Prop_carry4_S[1]_CO[1])
                                                      0.491    28.419 r  convert/seg_OBUF[6]_inst_i_165/CO[1]
                         net (fo=1, routed)           0.665    29.084    convert/seg_OBUF[6]_inst_i_165_n_2
    SLICE_X56Y18         LUT3 (Prop_lut3_I0_O)        0.329    29.413 r  convert/seg_OBUF[6]_inst_i_82/O
                         net (fo=106, routed)         2.791    32.204    convert/seg_OBUF[6]_inst_i_82_n_0
    SLICE_X58Y10         LUT3 (Prop_lut3_I1_O)        0.152    32.356 r  convert/seg_OBUF[6]_inst_i_1277/O
                         net (fo=32, routed)          2.156    34.512    convert/tens0[5]
    SLICE_X60Y13         LUT6 (Prop_lut6_I2_O)        0.326    34.838 r  convert/seg_OBUF[6]_inst_i_2578/O
                         net (fo=1, routed)           0.000    34.838    convert/seg_OBUF[6]_inst_i_2578_n_0
    SLICE_X60Y13         CARRY4 (Prop_carry4_S[2]_CO[3])
                                                      0.380    35.218 r  convert/seg_OBUF[6]_inst_i_2373/CO[3]
                         net (fo=1, routed)           0.000    35.218    convert/seg_OBUF[6]_inst_i_2373_n_0
    SLICE_X60Y14         CARRY4 (Prop_carry4_CI_CO[3])
                                                      0.117    35.335 r  convert/seg_OBUF[6]_inst_i_2098/CO[3]
                         net (fo=1, routed)           0.000    35.335    convert/seg_OBUF[6]_inst_i_2098_n_0
    SLICE_X60Y15         CARRY4 (Prop_carry4_CI_CO[3])
                                                      0.117    35.452 r  convert/seg_OBUF[6]_inst_i_1737/CO[3]
                         net (fo=1, routed)           0.000    35.452    convert/seg_OBUF[6]_inst_i_1737_n_0
    SLICE_X60Y16         CARRY4 (Prop_carry4_CI_CO[3])
                                                      0.117    35.569 r  convert/seg_OBUF[6]_inst_i_1216/CO[3]
                         net (fo=1, routed)           0.000    35.569    convert/seg_OBUF[6]_inst_i_1216_n_0
    SLICE_X60Y17         CARRY4 (Prop_carry4_CI_CO[3])
                                                      0.117    35.686 r  convert/seg_OBUF[6]_inst_i_703/CO[3]
                         net (fo=1, routed)           0.000    35.686    convert/seg_OBUF[6]_inst_i_703_n_0
    SLICE_X60Y18         CARRY4 (Prop_carry4_CI_O[2])
                                                      0.239    35.925 r  convert/seg_OBUF[6]_inst_i_1279/O[2]
                         net (fo=4, routed)           1.273    37.198    convert/seg_OBUF[6]_inst_i_1279_n_5
    SLICE_X55Y13         LUT6 (Prop_lut6_I3_O)        0.301    37.499 r  convert/seg_OBUF[6]_inst_i_732/O
                         net (fo=1, routed)           0.475    37.974    convert/seg_OBUF[6]_inst_i_732_n_0
    SLICE_X56Y13         CARRY4 (Prop_carry4_DI[3]_CO[3])
                                                      0.396    38.370 r  convert/seg_OBUF[6]_inst_i_375/CO[3]
                         net (fo=1, routed)           0.000    38.370    convert/seg_OBUF[6]_inst_i_375_n_0
    SLICE_X56Y14         CARRY4 (Prop_carry4_CI_O[0])
                                                      0.219    38.589 r  convert/seg_OBUF[6]_inst_i_381/O[0]
                         net (fo=3, routed)           1.329    39.918    convert/seg_OBUF[6]_inst_i_381_n_7
    SLICE_X64Y16         LUT3 (Prop_lut3_I1_O)        0.295    40.213 r  convert/seg_OBUF[6]_inst_i_372/O
                         net (fo=2, routed)           0.792    41.005    convert/seg_OBUF[6]_inst_i_372_n_0
    SLICE_X62Y14         LUT5 (Prop_lut5_I1_O)        0.150    41.155 r  convert/seg_OBUF[6]_inst_i_172/O
                         net (fo=2, routed)           0.431    41.586    convert/seg_OBUF[6]_inst_i_172_n_0
    SLICE_X64Y14         LUT6 (Prop_lut6_I0_O)        0.326    41.912 r  convert/seg_OBUF[6]_inst_i_176/O
                         net (fo=1, routed)           0.000    41.912    convert/seg_OBUF[6]_inst_i_176_n_0
    SLICE_X64Y14         CARRY4 (Prop_carry4_S[3]_CO[3])
                                                      0.376    42.288 r  convert/seg_OBUF[6]_inst_i_88/CO[3]
                         net (fo=1, routed)           0.000    42.288    convert/seg_OBUF[6]_inst_i_88_n_0
    SLICE_X64Y15         CARRY4 (Prop_carry4_CI_O[1])
                                                      0.323    42.611 r  convert/seg_OBUF[6]_inst_i_168/O[1]
                         net (fo=2, routed)           0.885    43.496    convert/seg_OBUF[6]_inst_i_168_n_6
    SLICE_X64Y18         LUT2 (Prop_lut2_I0_O)        0.306    43.802 r  convert/seg_OBUF[6]_inst_i_170/O
                         net (fo=1, routed)           0.000    43.802    convert/seg_OBUF[6]_inst_i_170_n_0
    SLICE_X64Y18         CARRY4 (Prop_carry4_S[1]_O[1])
                                                      0.230    44.032 r  convert/seg_OBUF[6]_inst_i_85/O[1]
                         net (fo=1, routed)           1.284    45.316    convert/seg_OBUF[6]_inst_i_85_n_6
    SLICE_X56Y11         LUT2 (Prop_lut2_I1_O)        0.306    45.622 r  convert/seg_OBUF[6]_inst_i_45/O
                         net (fo=1, routed)           0.000    45.622    convert/seg_OBUF[6]_inst_i_45_n_0
    SLICE_X56Y11         CARRY4 (Prop_carry4_S[3]_CO[3])
                                                      0.376    45.998 r  convert/seg_OBUF[6]_inst_i_17/CO[3]
                         net (fo=1, routed)           0.000    45.998    convert/seg_OBUF[6]_inst_i_17_n_0
    SLICE_X56Y12         CARRY4 (Prop_carry4_CI_O[0])
                                                      0.219    46.217 r  convert/seg_OBUF[6]_inst_i_22/O[0]
                         net (fo=3, routed)           1.116    47.334    convert/seg_OBUF[6]_inst_i_22_n_7
    SLICE_X54Y10         LUT4 (Prop_lut4_I3_O)        0.295    47.629 r  convert/seg_OBUF[6]_inst_i_59/O
                         net (fo=1, routed)           0.494    48.123    top_module/program_counter/seg_OBUF[6]_inst_i_5_0
    SLICE_X54Y10         LUT6 (Prop_lut6_I4_O)        0.124    48.247 r  top_module/program_counter/seg_OBUF[6]_inst_i_20/O
                         net (fo=1, routed)           1.169    49.416    top_module/program_counter/seg_OBUF[6]_inst_i_20_n_0
    SLICE_X55Y16         LUT6 (Prop_lut6_I0_O)        0.124    49.540 r  top_module/program_counter/seg_OBUF[6]_inst_i_5/O
                         net (fo=7, routed)           1.037    50.577    top_module/program_counter/display/digit__31[1]
    SLICE_X56Y16         LUT4 (Prop_lut4_I3_O)        0.124    50.701 r  top_module/program_counter/seg_OBUF[3]_inst_i_1/O
                         net (fo=1, routed)           2.120    52.820    seg_OBUF[3]
    V8                   OBUF (Prop_obuf_I_O)         3.536    56.356 r  seg_OBUF[3]_inst/O
                         net (fo=0)                   0.000    56.356    seg[3]
    V8                                                                r  seg[3] (OUT)
  -------------------------------------------------------------------    -------------------

Slack:                    inf
  Source:                 top_module/program_counter/pc_reg[2]/C
                            (rising edge-triggered cell FDRE)
  Destination:            seg[2]
                            (output port)
  Path Group:             (none)
  Path Type:              Max at Slow Process Corner
  Data Path Delay:        56.317ns  (logic 17.944ns (31.862%)  route 38.373ns (68.138%))
  Logic Levels:           52  (CARRY4=26 FDRE=1 LUT2=4 LUT3=6 LUT4=5 LUT5=2 LUT6=6 OBUF=1 RAMD32=1)

    Location             Delay type                Incr(ns)  Path(ns)    Netlist Resource(s)
  -------------------------------------------------------------------    -------------------
    SLICE_X35Y0          FDRE                         0.000     0.000 r  top_module/program_counter/pc_reg[2]/C
    SLICE_X35Y0          FDRE (Prop_fdre_C_Q)         0.456     0.456 r  top_module/program_counter/pc_reg[2]/Q
                         net (fo=164, routed)         3.076     3.532    top_module/program_counter/pc[0]
    SLICE_X40Y0          LUT2 (Prop_lut2_I0_O)        0.124     3.656 r  top_module/program_counter/regf_reg_r1_0_31_0_5_i_9/O
                         net (fo=160, routed)         2.406     6.062    top_module/rf/regf_reg_r2_0_31_18_23/ADDRA2
    SLICE_X38Y5          RAMD32 (Prop_ramd32_RADR2_O)
                                                      0.148     6.210 r  top_module/rf/regf_reg_r2_0_31_18_23/RAMA/O
                         net (fo=1, routed)           1.119     7.328    top_module/program_counter/rd20[18]
    SLICE_X43Y4          LUT5 (Prop_lut5_I0_O)        0.328     7.656 r  top_module/program_counter/result0_carry__3_i_6/O
                         net (fo=1, routed)           0.000     7.656    top_module/alu/regf_reg_r1_0_31_12_17_i_6_0[2]
    SLICE_X43Y4          CARRY4 (Prop_carry4_S[2]_CO[3])
                                                      0.398     8.054 r  top_module/alu/result0_carry__3/CO[3]
                         net (fo=1, routed)           0.000     8.054    top_module/alu/result0_carry__3_n_0
    SLICE_X43Y5          CARRY4 (Prop_carry4_CI_CO[3])
                                                      0.114     8.168 r  top_module/alu/result0_carry__4/CO[3]
                         net (fo=1, routed)           0.000     8.168    top_module/alu/result0_carry__4_n_0
    SLICE_X43Y6          CARRY4 (Prop_carry4_CI_O[1])
                                                      0.334     8.502 r  top_module/alu/result0_carry__5/O[1]
                         net (fo=1, routed)           0.799     9.301    top_module/program_counter/data0[25]
    SLICE_X39Y5          LUT4 (Prop_lut4_I2_O)        0.303     9.604 r  top_module/program_counter/regf_reg_r1_0_31_24_29_i_1/O
                         net (fo=111, routed)         5.579    15.184    convert/result[25]
    SLICE_X65Y6          LUT3 (Prop_lut3_I2_O)        0.152    15.336 r  convert/seg_OBUF[6]_inst_i_1652/O
                         net (fo=2, routed)           0.676    16.012    convert/seg_OBUF[6]_inst_i_1652_n_0
    SLICE_X61Y7          CARRY4 (Prop_carry4_DI[0]_CO[3])
                                                      0.734    16.746 r  convert/seg_OBUF[6]_inst_i_1167/CO[3]
                         net (fo=1, routed)           0.000    16.746    convert/seg_OBUF[6]_inst_i_1167_n_0
    SLICE_X61Y8          CARRY4 (Prop_carry4_CI_CO[3])
                                                      0.114    16.860 r  convert/seg_OBUF[6]_inst_i_1932/CO[3]
                         net (fo=1, routed)           0.000    16.860    convert/seg_OBUF[6]_inst_i_1932_n_0
    SLICE_X61Y9          CARRY4 (Prop_carry4_CI_CO[1])
                                                      0.157    17.017 f  convert/seg_OBUF[6]_inst_i_2065/CO[1]
                         net (fo=24, routed)          1.109    18.126    convert/seg_OBUF[6]_inst_i_2065_n_2
    SLICE_X62Y12         LUT3 (Prop_lut3_I1_O)        0.358    18.484 r  convert/seg_OBUF[6]_inst_i_1694/O
                         net (fo=19, routed)          1.338    19.822    convert/seg_OBUF[6]_inst_i_1694_n_0
    SLICE_X62Y11         LUT4 (Prop_lut4_I0_O)        0.327    20.149 r  convert/seg_OBUF[6]_inst_i_1721/O
                         net (fo=1, routed)           0.000    20.149    convert/seg_OBUF[6]_inst_i_1721_n_0
    SLICE_X62Y11         CARRY4 (Prop_carry4_S[1]_CO[3])
                                                      0.550    20.699 r  convert/seg_OBUF[6]_inst_i_1200/CO[3]
                         net (fo=1, routed)           0.000    20.699    convert/seg_OBUF[6]_inst_i_1200_n_0
    SLICE_X62Y12         CARRY4 (Prop_carry4_CI_O[1])
                                                      0.334    21.033 r  convert/seg_OBUF[6]_inst_i_1187/O[1]
                         net (fo=2, routed)           0.875    21.908    convert/seg_OBUF[6]_inst_i_1187_n_6
    SLICE_X59Y10         LUT3 (Prop_lut3_I0_O)        0.329    22.237 r  convert/seg_OBUF[6]_inst_i_680/O
                         net (fo=2, routed)           0.860    23.097    convert/seg_OBUF[6]_inst_i_680_n_0
    SLICE_X59Y10         LUT4 (Prop_lut4_I3_O)        0.332    23.429 r  convert/seg_OBUF[6]_inst_i_684/O
                         net (fo=1, routed)           0.000    23.429    convert/seg_OBUF[6]_inst_i_684_n_0
    SLICE_X59Y10         CARRY4 (Prop_carry4_S[2]_CO[3])
                                                      0.398    23.827 r  convert/seg_OBUF[6]_inst_i_356/CO[3]
                         net (fo=1, routed)           0.000    23.827    convert/seg_OBUF[6]_inst_i_356_n_0
    SLICE_X59Y11         CARRY4 (Prop_carry4_CI_O[0])
                                                      0.222    24.049 r  convert/seg_OBUF[6]_inst_i_355/O[0]
                         net (fo=10, routed)          1.444    25.493    convert/seg_OBUF[6]_inst_i_355_n_7
    SLICE_X58Y17         LUT2 (Prop_lut2_I0_O)        0.299    25.792 r  convert/seg_OBUF[6]_inst_i_673/O
                         net (fo=1, routed)           0.000    25.792    convert/seg_OBUF[6]_inst_i_673_n_0
    SLICE_X58Y17         CARRY4 (Prop_carry4_S[3]_CO[3])
                                                      0.401    26.193 r  convert/seg_OBUF[6]_inst_i_354/CO[3]
                         net (fo=1, routed)           0.000    26.193    convert/seg_OBUF[6]_inst_i_354_n_0
    SLICE_X58Y18         CARRY4 (Prop_carry4_CI_O[1])
                                                      0.334    26.527 r  convert/seg_OBUF[6]_inst_i_166/O[1]
                         net (fo=2, routed)           1.099    27.625    top_module/program_counter/seg_OBUF[6]_inst_i_165[1]
    SLICE_X57Y18         LUT4 (Prop_lut4_I2_O)        0.303    27.928 r  top_module/program_counter/seg_OBUF[6]_inst_i_352/O
                         net (fo=1, routed)           0.000    27.928    convert/seg_OBUF[6]_inst_i_82_0[1]
    SLICE_X57Y18         CARRY4 (Prop_carry4_S[1]_CO[1])
                                                      0.491    28.419 r  convert/seg_OBUF[6]_inst_i_165/CO[1]
                         net (fo=1, routed)           0.665    29.084    convert/seg_OBUF[6]_inst_i_165_n_2
    SLICE_X56Y18         LUT3 (Prop_lut3_I0_O)        0.329    29.413 r  convert/seg_OBUF[6]_inst_i_82/O
                         net (fo=106, routed)         2.791    32.204    convert/seg_OBUF[6]_inst_i_82_n_0
    SLICE_X58Y10         LUT3 (Prop_lut3_I1_O)        0.152    32.356 r  convert/seg_OBUF[6]_inst_i_1277/O
                         net (fo=32, routed)          2.156    34.512    convert/tens0[5]
    SLICE_X60Y13         LUT6 (Prop_lut6_I2_O)        0.326    34.838 r  convert/seg_OBUF[6]_inst_i_2578/O
                         net (fo=1, routed)           0.000    34.838    convert/seg_OBUF[6]_inst_i_2578_n_0
    SLICE_X60Y13         CARRY4 (Prop_carry4_S[2]_CO[3])
                                                      0.380    35.218 r  convert/seg_OBUF[6]_inst_i_2373/CO[3]
                         net (fo=1, routed)           0.000    35.218    convert/seg_OBUF[6]_inst_i_2373_n_0
    SLICE_X60Y14         CARRY4 (Prop_carry4_CI_CO[3])
                                                      0.117    35.335 r  convert/seg_OBUF[6]_inst_i_2098/CO[3]
                         net (fo=1, routed)           0.000    35.335    convert/seg_OBUF[6]_inst_i_2098_n_0
    SLICE_X60Y15         CARRY4 (Prop_carry4_CI_CO[3])
                                                      0.117    35.452 r  convert/seg_OBUF[6]_inst_i_1737/CO[3]
                         net (fo=1, routed)           0.000    35.452    convert/seg_OBUF[6]_inst_i_1737_n_0
    SLICE_X60Y16         CARRY4 (Prop_carry4_CI_CO[3])
                                                      0.117    35.569 r  convert/seg_OBUF[6]_inst_i_1216/CO[3]
                         net (fo=1, routed)           0.000    35.569    convert/seg_OBUF[6]_inst_i_1216_n_0
    SLICE_X60Y17         CARRY4 (Prop_carry4_CI_CO[3])
                                                      0.117    35.686 r  convert/seg_OBUF[6]_inst_i_703/CO[3]
                         net (fo=1, routed)           0.000    35.686    convert/seg_OBUF[6]_inst_i_703_n_0
    SLICE_X60Y18         CARRY4 (Prop_carry4_CI_O[2])
                                                      0.239    35.925 r  convert/seg_OBUF[6]_inst_i_1279/O[2]
                         net (fo=4, routed)           1.273    37.198    convert/seg_OBUF[6]_inst_i_1279_n_5
    SLICE_X55Y13         LUT6 (Prop_lut6_I3_O)        0.301    37.499 r  convert/seg_OBUF[6]_inst_i_732/O
                         net (fo=1, routed)           0.475    37.974    convert/seg_OBUF[6]_inst_i_732_n_0
    SLICE_X56Y13         CARRY4 (Prop_carry4_DI[3]_CO[3])
                                                      0.396    38.370 r  convert/seg_OBUF[6]_inst_i_375/CO[3]
                         net (fo=1, routed)           0.000    38.370    convert/seg_OBUF[6]_inst_i_375_n_0
    SLICE_X56Y14         CARRY4 (Prop_carry4_CI_O[0])
                                                      0.219    38.589 r  convert/seg_OBUF[6]_inst_i_381/O[0]
                         net (fo=3, routed)           1.329    39.918    convert/seg_OBUF[6]_inst_i_381_n_7
    SLICE_X64Y16         LUT3 (Prop_lut3_I1_O)        0.295    40.213 r  convert/seg_OBUF[6]_inst_i_372/O
                         net (fo=2, routed)           0.792    41.005    convert/seg_OBUF[6]_inst_i_372_n_0
    SLICE_X62Y14         LUT5 (Prop_lut5_I1_O)        0.150    41.155 r  convert/seg_OBUF[6]_inst_i_172/O
                         net (fo=2, routed)           0.431    41.586    convert/seg_OBUF[6]_inst_i_172_n_0
    SLICE_X64Y14         LUT6 (Prop_lut6_I0_O)        0.326    41.912 r  convert/seg_OBUF[6]_inst_i_176/O
                         net (fo=1, routed)           0.000    41.912    convert/seg_OBUF[6]_inst_i_176_n_0
    SLICE_X64Y14         CARRY4 (Prop_carry4_S[3]_CO[3])
                                                      0.376    42.288 r  convert/seg_OBUF[6]_inst_i_88/CO[3]
                         net (fo=1, routed)           0.000    42.288    convert/seg_OBUF[6]_inst_i_88_n_0
    SLICE_X64Y15         CARRY4 (Prop_carry4_CI_O[1])
                                                      0.323    42.611 r  convert/seg_OBUF[6]_inst_i_168/O[1]
                         net (fo=2, routed)           0.885    43.496    convert/seg_OBUF[6]_inst_i_168_n_6
    SLICE_X64Y18         LUT2 (Prop_lut2_I0_O)        0.306    43.802 r  convert/seg_OBUF[6]_inst_i_170/O
                         net (fo=1, routed)           0.000    43.802    convert/seg_OBUF[6]_inst_i_170_n_0
    SLICE_X64Y18         CARRY4 (Prop_carry4_S[1]_O[1])
                                                      0.230    44.032 r  convert/seg_OBUF[6]_inst_i_85/O[1]
                         net (fo=1, routed)           1.284    45.316    convert/seg_OBUF[6]_inst_i_85_n_6
    SLICE_X56Y11         LUT2 (Prop_lut2_I1_O)        0.306    45.622 r  convert/seg_OBUF[6]_inst_i_45/O
                         net (fo=1, routed)           0.000    45.622    convert/seg_OBUF[6]_inst_i_45_n_0
    SLICE_X56Y11         CARRY4 (Prop_carry4_S[3]_CO[3])
                                                      0.376    45.998 r  convert/seg_OBUF[6]_inst_i_17/CO[3]
                         net (fo=1, routed)           0.000    45.998    convert/seg_OBUF[6]_inst_i_17_n_0
    SLICE_X56Y12         CARRY4 (Prop_carry4_CI_O[0])
                                                      0.219    46.217 r  convert/seg_OBUF[6]_inst_i_22/O[0]
                         net (fo=3, routed)           1.172    47.389    convert/seg_OBUF[6]_inst_i_22_n_7
    SLICE_X54Y10         LUT6 (Prop_lut6_I0_O)        0.295    47.684 r  convert/seg_OBUF[6]_inst_i_32/O
                         net (fo=1, routed)           0.830    48.515    top_module/program_counter/seg_OBUF[6]_inst_i_3_1
    SLICE_X52Y10         LUT6 (Prop_lut6_I5_O)        0.124    48.639 r  top_module/program_counter/seg_OBUF[6]_inst_i_10/O
                         net (fo=1, routed)           1.001    49.640    top_module/program_counter/seg_OBUF[6]_inst_i_10_n_0
    SLICE_X55Y16         LUT6 (Prop_lut6_I0_O)        0.124    49.764 r  top_module/program_counter/seg_OBUF[6]_inst_i_3/O
                         net (fo=7, routed)           0.847    50.611    top_module/program_counter/display/digit__31[2]
    SLICE_X56Y16         LUT4 (Prop_lut4_I2_O)        0.124    50.735 r  top_module/program_counter/seg_OBUF[2]_inst_i_1/O
                         net (fo=1, routed)           2.062    52.797    seg_OBUF[2]
    U5                   OBUF (Prop_obuf_I_O)         3.520    56.317 r  seg_OBUF[2]_inst/O
                         net (fo=0)                   0.000    56.317    seg[2]
    U5                                                                r  seg[2] (OUT)
  -------------------------------------------------------------------    -------------------

Slack:                    inf
  Source:                 top_module/program_counter/pc_reg[2]/C
                            (rising edge-triggered cell FDRE)
  Destination:            seg[1]
                            (output port)
  Path Group:             (none)
  Path Type:              Max at Slow Process Corner
  Data Path Delay:        56.302ns  (logic 17.928ns (31.844%)  route 38.373ns (68.156%))
  Logic Levels:           52  (CARRY4=26 FDRE=1 LUT2=4 LUT3=6 LUT4=5 LUT5=2 LUT6=6 OBUF=1 RAMD32=1)

    Location             Delay type                Incr(ns)  Path(ns)    Netlist Resource(s)
  -------------------------------------------------------------------    -------------------
    SLICE_X35Y0          FDRE                         0.000     0.000 r  top_module/program_counter/pc_reg[2]/C
    SLICE_X35Y0          FDRE (Prop_fdre_C_Q)         0.456     0.456 r  top_module/program_counter/pc_reg[2]/Q
                         net (fo=164, routed)         3.076     3.532    top_module/program_counter/pc[0]
    SLICE_X40Y0          LUT2 (Prop_lut2_I0_O)        0.124     3.656 r  top_module/program_counter/regf_reg_r1_0_31_0_5_i_9/O
                         net (fo=160, routed)         2.406     6.062    top_module/rf/regf_reg_r2_0_31_18_23/ADDRA2
    SLICE_X38Y5          RAMD32 (Prop_ramd32_RADR2_O)
                                                      0.148     6.210 r  top_module/rf/regf_reg_r2_0_31_18_23/RAMA/O
                         net (fo=1, routed)           1.119     7.328    top_module/program_counter/rd20[18]
    SLICE_X43Y4          LUT5 (Prop_lut5_I0_O)        0.328     7.656 r  top_module/program_counter/result0_carry__3_i_6/O
                         net (fo=1, routed)           0.000     7.656    top_module/alu/regf_reg_r1_0_31_12_17_i_6_0[2]
    SLICE_X43Y4          CARRY4 (Prop_carry4_S[2]_CO[3])
                                                      0.398     8.054 r  top_module/alu/result0_carry__3/CO[3]
                         net (fo=1, routed)           0.000     8.054    top_module/alu/result0_carry__3_n_0
    SLICE_X43Y5          CARRY4 (Prop_carry4_CI_CO[3])
                                                      0.114     8.168 r  top_module/alu/result0_carry__4/CO[3]
                         net (fo=1, routed)           0.000     8.168    top_module/alu/result0_carry__4_n_0
    SLICE_X43Y6          CARRY4 (Prop_carry4_CI_O[1])
                                                      0.334     8.502 r  top_module/alu/result0_carry__5/O[1]
                         net (fo=1, routed)           0.799     9.301    top_module/program_counter/data0[25]
    SLICE_X39Y5          LUT4 (Prop_lut4_I2_O)        0.303     9.604 r  top_module/program_counter/regf_reg_r1_0_31_24_29_i_1/O
                         net (fo=111, routed)         5.579    15.184    convert/result[25]
    SLICE_X65Y6          LUT3 (Prop_lut3_I2_O)        0.152    15.336 r  convert/seg_OBUF[6]_inst_i_1652/O
                         net (fo=2, routed)           0.676    16.012    convert/seg_OBUF[6]_inst_i_1652_n_0
    SLICE_X61Y7          CARRY4 (Prop_carry4_DI[0]_CO[3])
                                                      0.734    16.746 r  convert/seg_OBUF[6]_inst_i_1167/CO[3]
                         net (fo=1, routed)           0.000    16.746    convert/seg_OBUF[6]_inst_i_1167_n_0
    SLICE_X61Y8          CARRY4 (Prop_carry4_CI_CO[3])
                                                      0.114    16.860 r  convert/seg_OBUF[6]_inst_i_1932/CO[3]
                         net (fo=1, routed)           0.000    16.860    convert/seg_OBUF[6]_inst_i_1932_n_0
    SLICE_X61Y9          CARRY4 (Prop_carry4_CI_CO[1])
                                                      0.157    17.017 f  convert/seg_OBUF[6]_inst_i_2065/CO[1]
                         net (fo=24, routed)          1.109    18.126    convert/seg_OBUF[6]_inst_i_2065_n_2
    SLICE_X62Y12         LUT3 (Prop_lut3_I1_O)        0.358    18.484 r  convert/seg_OBUF[6]_inst_i_1694/O
                         net (fo=19, routed)          1.338    19.822    convert/seg_OBUF[6]_inst_i_1694_n_0
    SLICE_X62Y11         LUT4 (Prop_lut4_I0_O)        0.327    20.149 r  convert/seg_OBUF[6]_inst_i_1721/O
                         net (fo=1, routed)           0.000    20.149    convert/seg_OBUF[6]_inst_i_1721_n_0
    SLICE_X62Y11         CARRY4 (Prop_carry4_S[1]_CO[3])
                                                      0.550    20.699 r  convert/seg_OBUF[6]_inst_i_1200/CO[3]
                         net (fo=1, routed)           0.000    20.699    convert/seg_OBUF[6]_inst_i_1200_n_0
    SLICE_X62Y12         CARRY4 (Prop_carry4_CI_O[1])
                                                      0.334    21.033 r  convert/seg_OBUF[6]_inst_i_1187/O[1]
                         net (fo=2, routed)           0.875    21.908    convert/seg_OBUF[6]_inst_i_1187_n_6
    SLICE_X59Y10         LUT3 (Prop_lut3_I0_O)        0.329    22.237 r  convert/seg_OBUF[6]_inst_i_680/O
                         net (fo=2, routed)           0.860    23.097    convert/seg_OBUF[6]_inst_i_680_n_0
    SLICE_X59Y10         LUT4 (Prop_lut4_I3_O)        0.332    23.429 r  convert/seg_OBUF[6]_inst_i_684/O
                         net (fo=1, routed)           0.000    23.429    convert/seg_OBUF[6]_inst_i_684_n_0
    SLICE_X59Y10         CARRY4 (Prop_carry4_S[2]_CO[3])
                                                      0.398    23.827 r  convert/seg_OBUF[6]_inst_i_356/CO[3]
                         net (fo=1, routed)           0.000    23.827    convert/seg_OBUF[6]_inst_i_356_n_0
    SLICE_X59Y11         CARRY4 (Prop_carry4_CI_O[0])
                                                      0.222    24.049 r  convert/seg_OBUF[6]_inst_i_355/O[0]
                         net (fo=10, routed)          1.444    25.493    convert/seg_OBUF[6]_inst_i_355_n_7
    SLICE_X58Y17         LUT2 (Prop_lut2_I0_O)        0.299    25.792 r  convert/seg_OBUF[6]_inst_i_673/O
                         net (fo=1, routed)           0.000    25.792    convert/seg_OBUF[6]_inst_i_673_n_0
    SLICE_X58Y17         CARRY4 (Prop_carry4_S[3]_CO[3])
                                                      0.401    26.193 r  convert/seg_OBUF[6]_inst_i_354/CO[3]
                         net (fo=1, routed)           0.000    26.193    convert/seg_OBUF[6]_inst_i_354_n_0
    SLICE_X58Y18         CARRY4 (Prop_carry4_CI_O[1])
                                                      0.334    26.527 r  convert/seg_OBUF[6]_inst_i_166/O[1]
                         net (fo=2, routed)           1.099    27.625    top_module/program_counter/seg_OBUF[6]_inst_i_165[1]
    SLICE_X57Y18         LUT4 (Prop_lut4_I2_O)        0.303    27.928 r  top_module/program_counter/seg_OBUF[6]_inst_i_352/O
                         net (fo=1, routed)           0.000    27.928    convert/seg_OBUF[6]_inst_i_82_0[1]
    SLICE_X57Y18         CARRY4 (Prop_carry4_S[1]_CO[1])
                                                      0.491    28.419 r  convert/seg_OBUF[6]_inst_i_165/CO[1]
                         net (fo=1, routed)           0.665    29.084    convert/seg_OBUF[6]_inst_i_165_n_2
    SLICE_X56Y18         LUT3 (Prop_lut3_I0_O)        0.329    29.413 r  convert/seg_OBUF[6]_inst_i_82/O
                         net (fo=106, routed)         2.791    32.204    convert/seg_OBUF[6]_inst_i_82_n_0
    SLICE_X58Y10         LUT3 (Prop_lut3_I1_O)        0.152    32.356 r  convert/seg_OBUF[6]_inst_i_1277/O
                         net (fo=32, routed)          2.156    34.512    convert/tens0[5]
    SLICE_X60Y13         LUT6 (Prop_lut6_I2_O)        0.326    34.838 r  convert/seg_OBUF[6]_inst_i_2578/O
                         net (fo=1, routed)           0.000    34.838    convert/seg_OBUF[6]_inst_i_2578_n_0
    SLICE_X60Y13         CARRY4 (Prop_carry4_S[2]_CO[3])
                                                      0.380    35.218 r  convert/seg_OBUF[6]_inst_i_2373/CO[3]
                         net (fo=1, routed)           0.000    35.218    convert/seg_OBUF[6]_inst_i_2373_n_0
    SLICE_X60Y14         CARRY4 (Prop_carry4_CI_CO[3])
                                                      0.117    35.335 r  convert/seg_OBUF[6]_inst_i_2098/CO[3]
                         net (fo=1, routed)           0.000    35.335    convert/seg_OBUF[6]_inst_i_2098_n_0
    SLICE_X60Y15         CARRY4 (Prop_carry4_CI_CO[3])
                                                      0.117    35.452 r  convert/seg_OBUF[6]_inst_i_1737/CO[3]
                         net (fo=1, routed)           0.000    35.452    convert/seg_OBUF[6]_inst_i_1737_n_0
    SLICE_X60Y16         CARRY4 (Prop_carry4_CI_CO[3])
                                                      0.117    35.569 r  convert/seg_OBUF[6]_inst_i_1216/CO[3]
                         net (fo=1, routed)           0.000    35.569    convert/seg_OBUF[6]_inst_i_1216_n_0
    SLICE_X60Y17         CARRY4 (Prop_carry4_CI_CO[3])
                                                      0.117    35.686 r  convert/seg_OBUF[6]_inst_i_703/CO[3]
                         net (fo=1, routed)           0.000    35.686    convert/seg_OBUF[6]_inst_i_703_n_0
    SLICE_X60Y18         CARRY4 (Prop_carry4_CI_O[2])
                                                      0.239    35.925 r  convert/seg_OBUF[6]_inst_i_1279/O[2]
                         net (fo=4, routed)           1.273    37.198    convert/seg_OBUF[6]_inst_i_1279_n_5
    SLICE_X55Y13         LUT6 (Prop_lut6_I3_O)        0.301    37.499 r  convert/seg_OBUF[6]_inst_i_732/O
                         net (fo=1, routed)           0.475    37.974    convert/seg_OBUF[6]_inst_i_732_n_0
    SLICE_X56Y13         CARRY4 (Prop_carry4_DI[3]_CO[3])
                                                      0.396    38.370 r  convert/seg_OBUF[6]_inst_i_375/CO[3]
                         net (fo=1, routed)           0.000    38.370    convert/seg_OBUF[6]_inst_i_375_n_0
    SLICE_X56Y14         CARRY4 (Prop_carry4_CI_O[0])
                                                      0.219    38.589 r  convert/seg_OBUF[6]_inst_i_381/O[0]
                         net (fo=3, routed)           1.329    39.918    convert/seg_OBUF[6]_inst_i_381_n_7
    SLICE_X64Y16         LUT3 (Prop_lut3_I1_O)        0.295    40.213 r  convert/seg_OBUF[6]_inst_i_372/O
                         net (fo=2, routed)           0.792    41.005    convert/seg_OBUF[6]_inst_i_372_n_0
    SLICE_X62Y14         LUT5 (Prop_lut5_I1_O)        0.150    41.155 r  convert/seg_OBUF[6]_inst_i_172/O
                         net (fo=2, routed)           0.431    41.586    convert/seg_OBUF[6]_inst_i_172_n_0
    SLICE_X64Y14         LUT6 (Prop_lut6_I0_O)        0.326    41.912 r  convert/seg_OBUF[6]_inst_i_176/O
                         net (fo=1, routed)           0.000    41.912    convert/seg_OBUF[6]_inst_i_176_n_0
    SLICE_X64Y14         CARRY4 (Prop_carry4_S[3]_CO[3])
                                                      0.376    42.288 r  convert/seg_OBUF[6]_inst_i_88/CO[3]
                         net (fo=1, routed)           0.000    42.288    convert/seg_OBUF[6]_inst_i_88_n_0
    SLICE_X64Y15         CARRY4 (Prop_carry4_CI_O[1])
                                                      0.323    42.611 r  convert/seg_OBUF[6]_inst_i_168/O[1]
                         net (fo=2, routed)           0.885    43.496    convert/seg_OBUF[6]_inst_i_168_n_6
    SLICE_X64Y18         LUT2 (Prop_lut2_I0_O)        0.306    43.802 r  convert/seg_OBUF[6]_inst_i_170/O
                         net (fo=1, routed)           0.000    43.802    convert/seg_OBUF[6]_inst_i_170_n_0
    SLICE_X64Y18         CARRY4 (Prop_carry4_S[1]_O[1])
                                                      0.230    44.032 r  convert/seg_OBUF[6]_inst_i_85/O[1]
                         net (fo=1, routed)           1.284    45.316    convert/seg_OBUF[6]_inst_i_85_n_6
    SLICE_X56Y11         LUT2 (Prop_lut2_I1_O)        0.306    45.622 r  convert/seg_OBUF[6]_inst_i_45/O
                         net (fo=1, routed)           0.000    45.622    convert/seg_OBUF[6]_inst_i_45_n_0
    SLICE_X56Y11         CARRY4 (Prop_carry4_S[3]_CO[3])
                                                      0.376    45.998 r  convert/seg_OBUF[6]_inst_i_17/CO[3]
                         net (fo=1, routed)           0.000    45.998    convert/seg_OBUF[6]_inst_i_17_n_0
    SLICE_X56Y12         CARRY4 (Prop_carry4_CI_O[0])
                                                      0.219    46.217 r  convert/seg_OBUF[6]_inst_i_22/O[0]
                         net (fo=3, routed)           1.172    47.389    convert/seg_OBUF[6]_inst_i_22_n_7
    SLICE_X54Y10         LUT6 (Prop_lut6_I0_O)        0.295    47.684 r  convert/seg_OBUF[6]_inst_i_32/O
                         net (fo=1, routed)           0.830    48.515    top_module/program_counter/seg_OBUF[6]_inst_i_3_1
    SLICE_X52Y10         LUT6 (Prop_lut6_I5_O)        0.124    48.639 r  top_module/program_counter/seg_OBUF[6]_inst_i_10/O
                         net (fo=1, routed)           1.001    49.640    top_module/program_counter/seg_OBUF[6]_inst_i_10_n_0
    SLICE_X55Y16         LUT6 (Prop_lut6_I0_O)        0.124    49.764 r  top_module/program_counter/seg_OBUF[6]_inst_i_3/O
                         net (fo=7, routed)           0.857    50.621    top_module/program_counter/display/digit__31[2]
    SLICE_X56Y16         LUT4 (Prop_lut4_I1_O)        0.124    50.745 r  top_module/program_counter/seg_OBUF[1]_inst_i_1/O
                         net (fo=1, routed)           2.052    52.797    seg_OBUF[1]
    V5                   OBUF (Prop_obuf_I_O)         3.504    56.302 r  seg_OBUF[1]_inst/O
                         net (fo=0)                   0.000    56.302    seg[1]
    V5                                                                r  seg[1] (OUT)
  -------------------------------------------------------------------    -------------------

Slack:                    inf
  Source:                 top_module/program_counter/pc_reg[2]/C
                            (rising edge-triggered cell FDRE)
  Destination:            seg[0]
                            (output port)
  Path Group:             (none)
  Path Type:              Max at Slow Process Corner
  Data Path Delay:        55.996ns  (logic 17.955ns (32.066%)  route 38.040ns (67.934%))
  Logic Levels:           52  (CARRY4=26 FDRE=1 LUT2=4 LUT3=6 LUT4=5 LUT5=2 LUT6=6 OBUF=1 RAMD32=1)

    Location             Delay type                Incr(ns)  Path(ns)    Netlist Resource(s)
  -------------------------------------------------------------------    -------------------
    SLICE_X35Y0          FDRE                         0.000     0.000 r  top_module/program_counter/pc_reg[2]/C
    SLICE_X35Y0          FDRE (Prop_fdre_C_Q)         0.456     0.456 r  top_module/program_counter/pc_reg[2]/Q
                         net (fo=164, routed)         3.076     3.532    top_module/program_counter/pc[0]
    SLICE_X40Y0          LUT2 (Prop_lut2_I0_O)        0.124     3.656 r  top_module/program_counter/regf_reg_r1_0_31_0_5_i_9/O
                         net (fo=160, routed)         2.406     6.062    top_module/rf/regf_reg_r2_0_31_18_23/ADDRA2
    SLICE_X38Y5          RAMD32 (Prop_ramd32_RADR2_O)
                                                      0.148     6.210 r  top_module/rf/regf_reg_r2_0_31_18_23/RAMA/O
                         net (fo=1, routed)           1.119     7.328    top_module/program_counter/rd20[18]
    SLICE_X43Y4          LUT5 (Prop_lut5_I0_O)        0.328     7.656 r  top_module/program_counter/result0_carry__3_i_6/O
                         net (fo=1, routed)           0.000     7.656    top_module/alu/regf_reg_r1_0_31_12_17_i_6_0[2]
    SLICE_X43Y4          CARRY4 (Prop_carry4_S[2]_CO[3])
                                                      0.398     8.054 r  top_module/alu/result0_carry__3/CO[3]
                         net (fo=1, routed)           0.000     8.054    top_module/alu/result0_carry__3_n_0
    SLICE_X43Y5          CARRY4 (Prop_carry4_CI_CO[3])
                                                      0.114     8.168 r  top_module/alu/result0_carry__4/CO[3]
                         net (fo=1, routed)           0.000     8.168    top_module/alu/result0_carry__4_n_0
    SLICE_X43Y6          CARRY4 (Prop_carry4_CI_O[1])
                                                      0.334     8.502 r  top_module/alu/result0_carry__5/O[1]
                         net (fo=1, routed)           0.799     9.301    top_module/program_counter/data0[25]
    SLICE_X39Y5          LUT4 (Prop_lut4_I2_O)        0.303     9.604 r  top_module/program_counter/regf_reg_r1_0_31_24_29_i_1/O
                         net (fo=111, routed)         5.579    15.184    convert/result[25]
    SLICE_X65Y6          LUT3 (Prop_lut3_I2_O)        0.152    15.336 r  convert/seg_OBUF[6]_inst_i_1652/O
                         net (fo=2, routed)           0.676    16.012    convert/seg_OBUF[6]_inst_i_1652_n_0
    SLICE_X61Y7          CARRY4 (Prop_carry4_DI[0]_CO[3])
                                                      0.734    16.746 r  convert/seg_OBUF[6]_inst_i_1167/CO[3]
                         net (fo=1, routed)           0.000    16.746    convert/seg_OBUF[6]_inst_i_1167_n_0
    SLICE_X61Y8          CARRY4 (Prop_carry4_CI_CO[3])
                                                      0.114    16.860 r  convert/seg_OBUF[6]_inst_i_1932/CO[3]
                         net (fo=1, routed)           0.000    16.860    convert/seg_OBUF[6]_inst_i_1932_n_0
    SLICE_X61Y9          CARRY4 (Prop_carry4_CI_CO[1])
                                                      0.157    17.017 f  convert/seg_OBUF[6]_inst_i_2065/CO[1]
                         net (fo=24, routed)          1.109    18.126    convert/seg_OBUF[6]_inst_i_2065_n_2
    SLICE_X62Y12         LUT3 (Prop_lut3_I1_O)        0.358    18.484 r  convert/seg_OBUF[6]_inst_i_1694/O
                         net (fo=19, routed)          1.338    19.822    convert/seg_OBUF[6]_inst_i_1694_n_0
    SLICE_X62Y11         LUT4 (Prop_lut4_I0_O)        0.327    20.149 r  convert/seg_OBUF[6]_inst_i_1721/O
                         net (fo=1, routed)           0.000    20.149    convert/seg_OBUF[6]_inst_i_1721_n_0
    SLICE_X62Y11         CARRY4 (Prop_carry4_S[1]_CO[3])
                                                      0.550    20.699 r  convert/seg_OBUF[6]_inst_i_1200/CO[3]
                         net (fo=1, routed)           0.000    20.699    convert/seg_OBUF[6]_inst_i_1200_n_0
    SLICE_X62Y12         CARRY4 (Prop_carry4_CI_O[1])
                                                      0.334    21.033 r  convert/seg_OBUF[6]_inst_i_1187/O[1]
                         net (fo=2, routed)           0.875    21.908    convert/seg_OBUF[6]_inst_i_1187_n_6
    SLICE_X59Y10         LUT3 (Prop_lut3_I0_O)        0.329    22.237 r  convert/seg_OBUF[6]_inst_i_680/O
                         net (fo=2, routed)           0.860    23.097    convert/seg_OBUF[6]_inst_i_680_n_0
    SLICE_X59Y10         LUT4 (Prop_lut4_I3_O)        0.332    23.429 r  convert/seg_OBUF[6]_inst_i_684/O
                         net (fo=1, routed)           0.000    23.429    convert/seg_OBUF[6]_inst_i_684_n_0
    SLICE_X59Y10         CARRY4 (Prop_carry4_S[2]_CO[3])
                                                      0.398    23.827 r  convert/seg_OBUF[6]_inst_i_356/CO[3]
                         net (fo=1, routed)           0.000    23.827    convert/seg_OBUF[6]_inst_i_356_n_0
    SLICE_X59Y11         CARRY4 (Prop_carry4_CI_O[0])
                                                      0.222    24.049 r  convert/seg_OBUF[6]_inst_i_355/O[0]
                         net (fo=10, routed)          1.444    25.493    convert/seg_OBUF[6]_inst_i_355_n_7
    SLICE_X58Y17         LUT2 (Prop_lut2_I0_O)        0.299    25.792 r  convert/seg_OBUF[6]_inst_i_673/O
                         net (fo=1, routed)           0.000    25.792    convert/seg_OBUF[6]_inst_i_673_n_0
    SLICE_X58Y17         CARRY4 (Prop_carry4_S[3]_CO[3])
                                                      0.401    26.193 r  convert/seg_OBUF[6]_inst_i_354/CO[3]
                         net (fo=1, routed)           0.000    26.193    convert/seg_OBUF[6]_inst_i_354_n_0
    SLICE_X58Y18         CARRY4 (Prop_carry4_CI_O[1])
                                                      0.334    26.527 r  convert/seg_OBUF[6]_inst_i_166/O[1]
                         net (fo=2, routed)           1.099    27.625    top_module/program_counter/seg_OBUF[6]_inst_i_165[1]
    SLICE_X57Y18         LUT4 (Prop_lut4_I2_O)        0.303    27.928 r  top_module/program_counter/seg_OBUF[6]_inst_i_352/O
                         net (fo=1, routed)           0.000    27.928    convert/seg_OBUF[6]_inst_i_82_0[1]
    SLICE_X57Y18         CARRY4 (Prop_carry4_S[1]_CO[1])
                                                      0.491    28.419 r  convert/seg_OBUF[6]_inst_i_165/CO[1]
                         net (fo=1, routed)           0.665    29.084    convert/seg_OBUF[6]_inst_i_165_n_2
    SLICE_X56Y18         LUT3 (Prop_lut3_I0_O)        0.329    29.413 r  convert/seg_OBUF[6]_inst_i_82/O
                         net (fo=106, routed)         2.791    32.204    convert/seg_OBUF[6]_inst_i_82_n_0
    SLICE_X58Y10         LUT3 (Prop_lut3_I1_O)        0.152    32.356 r  convert/seg_OBUF[6]_inst_i_1277/O
                         net (fo=32, routed)          2.156    34.512    convert/tens0[5]
    SLICE_X60Y13         LUT6 (Prop_lut6_I2_O)        0.326    34.838 r  convert/seg_OBUF[6]_inst_i_2578/O
                         net (fo=1, routed)           0.000    34.838    convert/seg_OBUF[6]_inst_i_2578_n_0
    SLICE_X60Y13         CARRY4 (Prop_carry4_S[2]_CO[3])
                                                      0.380    35.218 r  convert/seg_OBUF[6]_inst_i_2373/CO[3]
                         net (fo=1, routed)           0.000    35.218    convert/seg_OBUF[6]_inst_i_2373_n_0
    SLICE_X60Y14         CARRY4 (Prop_carry4_CI_CO[3])
                                                      0.117    35.335 r  convert/seg_OBUF[6]_inst_i_2098/CO[3]
                         net (fo=1, routed)           0.000    35.335    convert/seg_OBUF[6]_inst_i_2098_n_0
    SLICE_X60Y15         CARRY4 (Prop_carry4_CI_CO[3])
                                                      0.117    35.452 r  convert/seg_OBUF[6]_inst_i_1737/CO[3]
                         net (fo=1, routed)           0.000    35.452    convert/seg_OBUF[6]_inst_i_1737_n_0
    SLICE_X60Y16         CARRY4 (Prop_carry4_CI_CO[3])
                                                      0.117    35.569 r  convert/seg_OBUF[6]_inst_i_1216/CO[3]
                         net (fo=1, routed)           0.000    35.569    convert/seg_OBUF[6]_inst_i_1216_n_0
    SLICE_X60Y17         CARRY4 (Prop_carry4_CI_CO[3])
                                                      0.117    35.686 r  convert/seg_OBUF[6]_inst_i_703/CO[3]
                         net (fo=1, routed)           0.000    35.686    convert/seg_OBUF[6]_inst_i_703_n_0
    SLICE_X60Y18         CARRY4 (Prop_carry4_CI_O[2])
                                                      0.239    35.925 r  convert/seg_OBUF[6]_inst_i_1279/O[2]
                         net (fo=4, routed)           1.273    37.198    convert/seg_OBUF[6]_inst_i_1279_n_5
    SLICE_X55Y13         LUT6 (Prop_lut6_I3_O)        0.301    37.499 r  convert/seg_OBUF[6]_inst_i_732/O
                         net (fo=1, routed)           0.475    37.974    convert/seg_OBUF[6]_inst_i_732_n_0
    SLICE_X56Y13         CARRY4 (Prop_carry4_DI[3]_CO[3])
                                                      0.396    38.370 r  convert/seg_OBUF[6]_inst_i_375/CO[3]
                         net (fo=1, routed)           0.000    38.370    convert/seg_OBUF[6]_inst_i_375_n_0
    SLICE_X56Y14         CARRY4 (Prop_carry4_CI_O[0])
                                                      0.219    38.589 r  convert/seg_OBUF[6]_inst_i_381/O[0]
                         net (fo=3, routed)           1.329    39.918    convert/seg_OBUF[6]_inst_i_381_n_7
    SLICE_X64Y16         LUT3 (Prop_lut3_I1_O)        0.295    40.213 r  convert/seg_OBUF[6]_inst_i_372/O
                         net (fo=2, routed)           0.792    41.005    convert/seg_OBUF[6]_inst_i_372_n_0
    SLICE_X62Y14         LUT5 (Prop_lut5_I1_O)        0.150    41.155 r  convert/seg_OBUF[6]_inst_i_172/O
                         net (fo=2, routed)           0.431    41.586    convert/seg_OBUF[6]_inst_i_172_n_0
    SLICE_X64Y14         LUT6 (Prop_lut6_I0_O)        0.326    41.912 r  convert/seg_OBUF[6]_inst_i_176/O
                         net (fo=1, routed)           0.000    41.912    convert/seg_OBUF[6]_inst_i_176_n_0
    SLICE_X64Y14         CARRY4 (Prop_carry4_S[3]_CO[3])
                                                      0.376    42.288 r  convert/seg_OBUF[6]_inst_i_88/CO[3]
                         net (fo=1, routed)           0.000    42.288    convert/seg_OBUF[6]_inst_i_88_n_0
    SLICE_X64Y15         CARRY4 (Prop_carry4_CI_O[1])
                                                      0.323    42.611 r  convert/seg_OBUF[6]_inst_i_168/O[1]
                         net (fo=2, routed)           0.885    43.496    convert/seg_OBUF[6]_inst_i_168_n_6
    SLICE_X64Y18         LUT2 (Prop_lut2_I0_O)        0.306    43.802 r  convert/seg_OBUF[6]_inst_i_170/O
                         net (fo=1, routed)           0.000    43.802    convert/seg_OBUF[6]_inst_i_170_n_0
    SLICE_X64Y18         CARRY4 (Prop_carry4_S[1]_O[1])
                                                      0.230    44.032 r  convert/seg_OBUF[6]_inst_i_85/O[1]
                         net (fo=1, routed)           1.284    45.316    convert/seg_OBUF[6]_inst_i_85_n_6
    SLICE_X56Y11         LUT2 (Prop_lut2_I1_O)        0.306    45.622 r  convert/seg_OBUF[6]_inst_i_45/O
                         net (fo=1, routed)           0.000    45.622    convert/seg_OBUF[6]_inst_i_45_n_0
    SLICE_X56Y11         CARRY4 (Prop_carry4_S[3]_CO[3])
                                                      0.376    45.998 r  convert/seg_OBUF[6]_inst_i_17/CO[3]
                         net (fo=1, routed)           0.000    45.998    convert/seg_OBUF[6]_inst_i_17_n_0
    SLICE_X56Y12         CARRY4 (Prop_carry4_CI_O[0])
                                                      0.219    46.217 r  convert/seg_OBUF[6]_inst_i_22/O[0]
                         net (fo=3, routed)           1.172    47.389    convert/seg_OBUF[6]_inst_i_22_n_7
    SLICE_X54Y10         LUT6 (Prop_lut6_I0_O)        0.295    47.684 r  convert/seg_OBUF[6]_inst_i_32/O
                         net (fo=1, routed)           0.830    48.515    top_module/program_counter/seg_OBUF[6]_inst_i_3_1
    SLICE_X52Y10         LUT6 (Prop_lut6_I5_O)        0.124    48.639 r  top_module/program_counter/seg_OBUF[6]_inst_i_10/O
                         net (fo=1, routed)           1.001    49.640    top_module/program_counter/seg_OBUF[6]_inst_i_10_n_0
    SLICE_X55Y16         LUT6 (Prop_lut6_I0_O)        0.124    49.764 r  top_module/program_counter/seg_OBUF[6]_inst_i_3/O
                         net (fo=7, routed)           0.463    50.227    top_module/program_counter/display/digit__31[2]
    SLICE_X56Y16         LUT4 (Prop_lut4_I2_O)        0.124    50.351 r  top_module/program_counter/seg_OBUF[0]_inst_i_1/O
                         net (fo=1, routed)           2.113    52.464    seg_OBUF[0]
    U7                   OBUF (Prop_obuf_I_O)         3.531    55.996 r  seg_OBUF[0]_inst/O
                         net (fo=0)                   0.000    55.996    seg[0]
    U7                                                                r  seg[0] (OUT)
  -------------------------------------------------------------------    -------------------

Slack:                    inf
  Source:                 top_module/program_counter/pc_reg[2]/C
                            (rising edge-triggered cell FDRE)
  Destination:            top_module/rf/regf_reg_r2_0_31_30_31__0/DP/I
  Path Group:             (none)
  Path Type:              Max at Slow Process Corner
  Data Path Delay:        12.202ns  (logic 2.301ns (18.858%)  route 9.901ns (81.142%))
  Logic Levels:           9  (CARRY4=4 FDRE=1 LUT2=1 LUT4=1 LUT5=1 RAMD32=1)

    Location             Delay type                Incr(ns)  Path(ns)    Netlist Resource(s)
  -------------------------------------------------------------------    -------------------
    SLICE_X35Y0          FDRE                         0.000     0.000 r  top_module/program_counter/pc_reg[2]/C
    SLICE_X35Y0          FDRE (Prop_fdre_C_Q)         0.456     0.456 r  top_module/program_counter/pc_reg[2]/Q
                         net (fo=164, routed)         3.076     3.532    top_module/program_counter/pc[0]
    SLICE_X40Y0          LUT2 (Prop_lut2_I0_O)        0.124     3.656 r  top_module/program_counter/regf_reg_r1_0_31_0_5_i_9/O
                         net (fo=160, routed)         2.406     6.062    top_module/rf/regf_reg_r2_0_31_18_23/ADDRA2
    SLICE_X38Y5          RAMD32 (Prop_ramd32_RADR2_O)
                                                      0.148     6.210 r  top_module/rf/regf_reg_r2_0_31_18_23/RAMA/O
                         net (fo=1, routed)           1.119     7.328    top_module/program_counter/rd20[18]
    SLICE_X43Y4          LUT5 (Prop_lut5_I0_O)        0.328     7.656 r  top_module/program_counter/result0_carry__3_i_6/O
                         net (fo=1, routed)           0.000     7.656    top_module/alu/regf_reg_r1_0_31_12_17_i_6_0[2]
    SLICE_X43Y4          CARRY4 (Prop_carry4_S[2]_CO[3])
                                                      0.398     8.054 r  top_module/alu/result0_carry__3/CO[3]
                         net (fo=1, routed)           0.000     8.054    top_module/alu/result0_carry__3_n_0
    SLICE_X43Y5          CARRY4 (Prop_carry4_CI_CO[3])
                                                      0.114     8.168 r  top_module/alu/result0_carry__4/CO[3]
                         net (fo=1, routed)           0.000     8.168    top_module/alu/result0_carry__4_n_0
    SLICE_X43Y6          CARRY4 (Prop_carry4_CI_CO[3])
                                                      0.114     8.282 r  top_module/alu/result0_carry__5/CO[3]
                         net (fo=1, routed)           0.000     8.282    top_module/alu/result0_carry__5_n_0
    SLICE_X43Y7          CARRY4 (Prop_carry4_CI_O[3])
                                                      0.313     8.595 r  top_module/alu/result0_carry__6/O[3]
                         net (fo=3, routed)           0.957     9.552    top_module/program_counter/data0[31]
    SLICE_X34Y11         LUT4 (Prop_lut4_I2_O)        0.306     9.858 r  top_module/program_counter/regf_reg_r1_0_31_30_31__0_i_1/O
                         net (fo=109, routed)         2.344    12.202    top_module/rf/regf_reg_r2_0_31_30_31__0/D
    SLICE_X42Y8          RAMD32                                       r  top_module/rf/regf_reg_r2_0_31_30_31__0/DP/I
  -------------------------------------------------------------------    -------------------

Slack:                    inf
  Source:                 top_module/program_counter/pc_reg[2]/C
                            (rising edge-triggered cell FDRE)
  Destination:            top_module/rf/regf_reg_r2_0_31_30_31__0/SP/I
  Path Group:             (none)
  Path Type:              Max at Slow Process Corner
  Data Path Delay:        12.202ns  (logic 2.301ns (18.858%)  route 9.901ns (81.142%))
  Logic Levels:           9  (CARRY4=4 FDRE=1 LUT2=1 LUT4=1 LUT5=1 RAMD32=1)

    Location             Delay type                Incr(ns)  Path(ns)    Netlist Resource(s)
  -------------------------------------------------------------------    -------------------
    SLICE_X35Y0          FDRE                         0.000     0.000 r  top_module/program_counter/pc_reg[2]/C
    SLICE_X35Y0          FDRE (Prop_fdre_C_Q)         0.456     0.456 r  top_module/program_counter/pc_reg[2]/Q
                         net (fo=164, routed)         3.076     3.532    top_module/program_counter/pc[0]
    SLICE_X40Y0          LUT2 (Prop_lut2_I0_O)        0.124     3.656 r  top_module/program_counter/regf_reg_r1_0_31_0_5_i_9/O
                         net (fo=160, routed)         2.406     6.062    top_module/rf/regf_reg_r2_0_31_18_23/ADDRA2
    SLICE_X38Y5          RAMD32 (Prop_ramd32_RADR2_O)
                                                      0.148     6.210 r  top_module/rf/regf_reg_r2_0_31_18_23/RAMA/O
                         net (fo=1, routed)           1.119     7.328    top_module/program_counter/rd20[18]
    SLICE_X43Y4          LUT5 (Prop_lut5_I0_O)        0.328     7.656 r  top_module/program_counter/result0_carry__3_i_6/O
                         net (fo=1, routed)           0.000     7.656    top_module/alu/regf_reg_r1_0_31_12_17_i_6_0[2]
    SLICE_X43Y4          CARRY4 (Prop_carry4_S[2]_CO[3])
                                                      0.398     8.054 r  top_module/alu/result0_carry__3/CO[3]
                         net (fo=1, routed)           0.000     8.054    top_module/alu/result0_carry__3_n_0
    SLICE_X43Y5          CARRY4 (Prop_carry4_CI_CO[3])
                                                      0.114     8.168 r  top_module/alu/result0_carry__4/CO[3]
                         net (fo=1, routed)           0.000     8.168    top_module/alu/result0_carry__4_n_0
    SLICE_X43Y6          CARRY4 (Prop_carry4_CI_CO[3])
                                                      0.114     8.282 r  top_module/alu/result0_carry__5/CO[3]
                         net (fo=1, routed)           0.000     8.282    top_module/alu/result0_carry__5_n_0
    SLICE_X43Y7          CARRY4 (Prop_carry4_CI_O[3])
                                                      0.313     8.595 r  top_module/alu/result0_carry__6/O[3]
                         net (fo=3, routed)           0.957     9.552    top_module/program_counter/data0[31]
    SLICE_X34Y11         LUT4 (Prop_lut4_I2_O)        0.306     9.858 r  top_module/program_counter/regf_reg_r1_0_31_30_31__0_i_1/O
                         net (fo=109, routed)         2.344    12.202    top_module/rf/regf_reg_r2_0_31_30_31__0/D
    SLICE_X42Y8          RAMD32                                       r  top_module/rf/regf_reg_r2_0_31_30_31__0/SP/I
  -------------------------------------------------------------------    -------------------

Slack:                    inf
  Source:                 top_module/program_counter/pc_reg[2]/C
                            (rising edge-triggered cell FDRE)
  Destination:            top_module/rf/regf_reg_r1_0_31_30_31__0/DP/I
  Path Group:             (none)
  Path Type:              Max at Slow Process Corner
  Data Path Delay:        12.052ns  (logic 2.301ns (19.092%)  route 9.751ns (80.908%))
  Logic Levels:           9  (CARRY4=4 FDRE=1 LUT2=1 LUT4=1 LUT5=1 RAMD32=1)

    Location             Delay type                Incr(ns)  Path(ns)    Netlist Resource(s)
  -------------------------------------------------------------------    -------------------
    SLICE_X35Y0          FDRE                         0.000     0.000 r  top_module/program_counter/pc_reg[2]/C
    SLICE_X35Y0          FDRE (Prop_fdre_C_Q)         0.456     0.456 r  top_module/program_counter/pc_reg[2]/Q
                         net (fo=164, routed)         3.076     3.532    top_module/program_counter/pc[0]
    SLICE_X40Y0          LUT2 (Prop_lut2_I0_O)        0.124     3.656 r  top_module/program_counter/regf_reg_r1_0_31_0_5_i_9/O
                         net (fo=160, routed)         2.406     6.062    top_module/rf/regf_reg_r2_0_31_18_23/ADDRA2
    SLICE_X38Y5          RAMD32 (Prop_ramd32_RADR2_O)
                                                      0.148     6.210 r  top_module/rf/regf_reg_r2_0_31_18_23/RAMA/O
                         net (fo=1, routed)           1.119     7.328    top_module/program_counter/rd20[18]
    SLICE_X43Y4          LUT5 (Prop_lut5_I0_O)        0.328     7.656 r  top_module/program_counter/result0_carry__3_i_6/O
                         net (fo=1, routed)           0.000     7.656    top_module/alu/regf_reg_r1_0_31_12_17_i_6_0[2]
    SLICE_X43Y4          CARRY4 (Prop_carry4_S[2]_CO[3])
                                                      0.398     8.054 r  top_module/alu/result0_carry__3/CO[3]
                         net (fo=1, routed)           0.000     8.054    top_module/alu/result0_carry__3_n_0
    SLICE_X43Y5          CARRY4 (Prop_carry4_CI_CO[3])
                                                      0.114     8.168 r  top_module/alu/result0_carry__4/CO[3]
                         net (fo=1, routed)           0.000     8.168    top_module/alu/result0_carry__4_n_0
    SLICE_X43Y6          CARRY4 (Prop_carry4_CI_CO[3])
                                                      0.114     8.282 r  top_module/alu/result0_carry__5/CO[3]
                         net (fo=1, routed)           0.000     8.282    top_module/alu/result0_carry__5_n_0
    SLICE_X43Y7          CARRY4 (Prop_carry4_CI_O[3])
                                                      0.313     8.595 r  top_module/alu/result0_carry__6/O[3]
                         net (fo=3, routed)           0.957     9.552    top_module/program_counter/data0[31]
    SLICE_X34Y11         LUT4 (Prop_lut4_I2_O)        0.306     9.858 r  top_module/program_counter/regf_reg_r1_0_31_30_31__0_i_1/O
                         net (fo=109, routed)         2.194    12.052    top_module/rf/regf_reg_r1_0_31_30_31__0/D
    SLICE_X42Y8          RAMD32                                       r  top_module/rf/regf_reg_r1_0_31_30_31__0/DP/I
  -------------------------------------------------------------------    -------------------





Min Delay Paths
--------------------------------------------------------------------------------------
Slack:                    inf
  Source:                 top_module/program_counter/pc_reg[7]/C
                            (rising edge-triggered cell FDRE)
  Destination:            top_module/program_counter/pc_reg[7]/D
  Path Group:             (none)
  Path Type:              Min at Fast Process Corner
  Data Path Delay:        0.374ns  (logic 0.252ns (67.456%)  route 0.122ns (32.544%))
  Logic Levels:           3  (CARRY4=1 FDRE=1 LUT4=1)

    Location             Delay type                Incr(ns)  Path(ns)    Netlist Resource(s)
  -------------------------------------------------------------------    -------------------
    SLICE_X35Y1          FDRE                         0.000     0.000 r  top_module/program_counter/pc_reg[7]/C
    SLICE_X35Y1          FDRE (Prop_fdre_C_Q)         0.141     0.141 r  top_module/program_counter/pc_reg[7]/Q
                         net (fo=4, routed)           0.122     0.263    top_module/program_counter/pc_reg[4]
    SLICE_X35Y1          LUT4 (Prop_lut4_I3_O)        0.045     0.308 r  top_module/program_counter/pc[5]_i_3/O
                         net (fo=1, routed)           0.000     0.308    top_module/program_counter/pc[5]_i_3_n_0
    SLICE_X35Y1          CARRY4 (Prop_carry4_S[2]_O[2])
                                                      0.066     0.374 r  top_module/program_counter/pc_reg[5]_i_1/O[2]
                         net (fo=1, routed)           0.000     0.374    top_module/program_counter/pc_reg[5]_i_1_n_5
    SLICE_X35Y1          FDRE                                         r  top_module/program_counter/pc_reg[7]/D
  -------------------------------------------------------------------    -------------------

Slack:                    inf
  Source:                 top_module/program_counter/pc_reg[3]/C
                            (rising edge-triggered cell FDRE)
  Destination:            top_module/program_counter/pc_reg[3]/D
  Path Group:             (none)
  Path Type:              Min at Fast Process Corner
  Data Path Delay:        0.377ns  (logic 0.252ns (66.800%)  route 0.125ns (33.200%))
  Logic Levels:           3  (CARRY4=1 FDRE=1 LUT4=1)

    Location             Delay type                Incr(ns)  Path(ns)    Netlist Resource(s)
  -------------------------------------------------------------------    -------------------
    SLICE_X35Y0          FDRE                         0.000     0.000 r  top_module/program_counter/pc_reg[3]/C
    SLICE_X35Y0          FDRE (Prop_fdre_C_Q)         0.141     0.141 r  top_module/program_counter/pc_reg[3]/Q
                         net (fo=74, routed)          0.125     0.266    top_module/program_counter/pc[1]
    SLICE_X35Y0          LUT4 (Prop_lut4_I1_O)        0.045     0.311 r  top_module/program_counter/pc[1]_i_4/O
                         net (fo=1, routed)           0.000     0.311    top_module/program_counter/pc[1]_i_4_n_0
    SLICE_X35Y0          CARRY4 (Prop_carry4_S[2]_O[2])
                                                      0.066     0.377 r  top_module/program_counter/pc_reg[1]_i_1/O[2]
                         net (fo=1, routed)           0.000     0.377    top_module/program_counter/pc_reg[1]_i_1_n_5
    SLICE_X35Y0          FDRE                                         r  top_module/program_counter/pc_reg[3]/D
  -------------------------------------------------------------------    -------------------

Slack:                    inf
  Source:                 top_module/program_counter/pc_reg[0]/C
                            (rising edge-triggered cell FDRE)
  Destination:            top_module/program_counter/pc_reg[0]/D
  Path Group:             (none)
  Path Type:              Min at Fast Process Corner
  Data Path Delay:        0.396ns  (logic 0.209ns (52.720%)  route 0.187ns (47.280%))
  Logic Levels:           2  (FDRE=1 LUT4=1)

    Location             Delay type                Incr(ns)  Path(ns)    Netlist Resource(s)
  -------------------------------------------------------------------    -------------------
    SLICE_X38Y0          FDRE                         0.000     0.000 r  top_module/program_counter/pc_reg[0]/C
    SLICE_X38Y0          FDRE (Prop_fdre_C_Q)         0.164     0.164 r  top_module/program_counter/pc_reg[0]/Q
                         net (fo=12, routed)          0.187     0.351    top_module/program_counter/pc_reg[0]
    SLICE_X38Y0          LUT4 (Prop_lut4_I3_O)        0.045     0.396 r  top_module/program_counter/pc[0]_i_1/O
                         net (fo=1, routed)           0.000     0.396    top_module/program_counter/pc[0]_i_1_n_0
    SLICE_X38Y0          FDRE                                         r  top_module/program_counter/pc_reg[0]/D
  -------------------------------------------------------------------    -------------------

Slack:                    inf
  Source:                 top_module/program_counter/pc_reg[7]/C
                            (rising edge-triggered cell FDRE)
  Destination:            top_module/program_counter/pc_reg[8]/D
  Path Group:             (none)
  Path Type:              Min at Fast Process Corner
  Data Path Delay:        0.407ns  (logic 0.285ns (70.097%)  route 0.122ns (29.903%))
  Logic Levels:           3  (CARRY4=1 FDRE=1 LUT4=1)

    Location             Delay type                Incr(ns)  Path(ns)    Netlist Resource(s)
  -------------------------------------------------------------------    -------------------
    SLICE_X35Y1          FDRE                         0.000     0.000 r  top_module/program_counter/pc_reg[7]/C
    SLICE_X35Y1          FDRE (Prop_fdre_C_Q)         0.141     0.141 r  top_module/program_counter/pc_reg[7]/Q
                         net (fo=4, routed)           0.122     0.263    top_module/program_counter/pc_reg[4]
    SLICE_X35Y1          LUT4 (Prop_lut4_I3_O)        0.045     0.308 r  top_module/program_counter/pc[5]_i_3/O
                         net (fo=1, routed)           0.000     0.308    top_module/program_counter/pc[5]_i_3_n_0
    SLICE_X35Y1          CARRY4 (Prop_carry4_S[2]_O[3])
                                                      0.099     0.407 r  top_module/program_counter/pc_reg[5]_i_1/O[3]
                         net (fo=1, routed)           0.000     0.407    top_module/program_counter/pc_reg[5]_i_1_n_4
    SLICE_X35Y1          FDRE                                         r  top_module/program_counter/pc_reg[8]/D
  -------------------------------------------------------------------    -------------------

Slack:                    inf
  Source:                 top_module/program_counter/pc_reg[6]/C
                            (rising edge-triggered cell FDRE)
  Destination:            top_module/program_counter/pc_reg[6]/D
  Path Group:             (none)
  Path Type:              Min at Fast Process Corner
  Data Path Delay:        0.407ns  (logic 0.251ns (61.735%)  route 0.156ns (38.265%))
  Logic Levels:           3  (CARRY4=1 FDRE=1 LUT4=1)

    Location             Delay type                Incr(ns)  Path(ns)    Netlist Resource(s)
  -------------------------------------------------------------------    -------------------
    SLICE_X35Y1          FDRE                         0.000     0.000 r  top_module/program_counter/pc_reg[6]/C
    SLICE_X35Y1          FDRE (Prop_fdre_C_Q)         0.141     0.141 r  top_module/program_counter/pc_reg[6]/Q
                         net (fo=4, routed)           0.156     0.297    top_module/program_counter/pc_reg[3]
    SLICE_X35Y1          LUT4 (Prop_lut4_I3_O)        0.045     0.342 r  top_module/program_counter/pc[5]_i_4/O
                         net (fo=1, routed)           0.000     0.342    top_module/program_counter/pc[5]_i_4_n_0
    SLICE_X35Y1          CARRY4 (Prop_carry4_S[1]_O[1])
                                                      0.065     0.407 r  top_module/program_counter/pc_reg[5]_i_1/O[1]
                         net (fo=1, routed)           0.000     0.407    top_module/program_counter/pc_reg[5]_i_1_n_6
    SLICE_X35Y1          FDRE                                         r  top_module/program_counter/pc_reg[6]/D
  -------------------------------------------------------------------    -------------------

Slack:                    inf
  Source:                 top_module/program_counter/pc_reg[3]/C
                            (rising edge-triggered cell FDRE)
  Destination:            top_module/program_counter/pc_reg[4]/D
  Path Group:             (none)
  Path Type:              Min at Fast Process Corner
  Data Path Delay:        0.410ns  (logic 0.285ns (69.470%)  route 0.125ns (30.530%))
  Logic Levels:           3  (CARRY4=1 FDRE=1 LUT4=1)

    Location             Delay type                Incr(ns)  Path(ns)    Netlist Resource(s)
  -------------------------------------------------------------------    -------------------
    SLICE_X35Y0          FDRE                         0.000     0.000 r  top_module/program_counter/pc_reg[3]/C
    SLICE_X35Y0          FDRE (Prop_fdre_C_Q)         0.141     0.141 r  top_module/program_counter/pc_reg[3]/Q
                         net (fo=74, routed)          0.125     0.266    top_module/program_counter/pc[1]
    SLICE_X35Y0          LUT4 (Prop_lut4_I1_O)        0.045     0.311 r  top_module/program_counter/pc[1]_i_4/O
                         net (fo=1, routed)           0.000     0.311    top_module/program_counter/pc[1]_i_4_n_0
    SLICE_X35Y0          CARRY4 (Prop_carry4_S[2]_O[3])
                                                      0.099     0.410 r  top_module/program_counter/pc_reg[1]_i_1/O[3]
                         net (fo=1, routed)           0.000     0.410    top_module/program_counter/pc_reg[1]_i_1_n_4
    SLICE_X35Y0          FDRE                                         r  top_module/program_counter/pc_reg[4]/D
  -------------------------------------------------------------------    -------------------

Slack:                    inf
  Source:                 top_module/program_counter/pc_reg[12]/C
                            (rising edge-triggered cell FDRE)
  Destination:            top_module/program_counter/pc_reg[12]/D
  Path Group:             (none)
  Path Type:              Min at Fast Process Corner
  Data Path Delay:        0.419ns  (logic 0.249ns (59.393%)  route 0.170ns (40.607%))
  Logic Levels:           3  (CARRY4=1 FDRE=1 LUT4=1)

    Location             Delay type                Incr(ns)  Path(ns)    Netlist Resource(s)
  -------------------------------------------------------------------    -------------------
    SLICE_X35Y2          FDRE                         0.000     0.000 r  top_module/program_counter/pc_reg[12]/C
    SLICE_X35Y2          FDRE (Prop_fdre_C_Q)         0.141     0.141 r  top_module/program_counter/pc_reg[12]/Q
                         net (fo=4, routed)           0.170     0.311    top_module/program_counter/pc_reg[9]
    SLICE_X35Y2          LUT4 (Prop_lut4_I3_O)        0.045     0.356 r  top_module/program_counter/pc[9]_i_2/O
                         net (fo=1, routed)           0.000     0.356    top_module/program_counter/pc[9]_i_2_n_0
    SLICE_X35Y2          CARRY4 (Prop_carry4_S[3]_O[3])
                                                      0.063     0.419 r  top_module/program_counter/pc_reg[9]_i_1/O[3]
                         net (fo=1, routed)           0.000     0.419    top_module/program_counter/pc_reg[9]_i_1_n_4
    SLICE_X35Y2          FDRE                                         r  top_module/program_counter/pc_reg[12]/D
  -------------------------------------------------------------------    -------------------

Slack:                    inf
  Source:                 top_module/program_counter/pc_reg[16]/C
                            (rising edge-triggered cell FDRE)
  Destination:            top_module/program_counter/pc_reg[16]/D
  Path Group:             (none)
  Path Type:              Min at Fast Process Corner
  Data Path Delay:        0.419ns  (logic 0.249ns (59.393%)  route 0.170ns (40.607%))
  Logic Levels:           3  (CARRY4=1 FDRE=1 LUT4=1)

    Location             Delay type                Incr(ns)  Path(ns)    Netlist Resource(s)
  -------------------------------------------------------------------    -------------------
    SLICE_X35Y3          FDRE                         0.000     0.000 r  top_module/program_counter/pc_reg[16]/C
    SLICE_X35Y3          FDRE (Prop_fdre_C_Q)         0.141     0.141 r  top_module/program_counter/pc_reg[16]/Q
                         net (fo=4, routed)           0.170     0.311    top_module/program_counter/pc_reg[13]
    SLICE_X35Y3          LUT4 (Prop_lut4_I3_O)        0.045     0.356 r  top_module/program_counter/pc[13]_i_2/O
                         net (fo=1, routed)           0.000     0.356    top_module/program_counter/pc[13]_i_2_n_0
    SLICE_X35Y3          CARRY4 (Prop_carry4_S[3]_O[3])
                                                      0.063     0.419 r  top_module/program_counter/pc_reg[13]_i_1/O[3]
                         net (fo=1, routed)           0.000     0.419    top_module/program_counter/pc_reg[13]_i_1_n_4
    SLICE_X35Y3          FDRE                                         r  top_module/program_counter/pc_reg[16]/D
  -------------------------------------------------------------------    -------------------

Slack:                    inf
  Source:                 top_module/program_counter/pc_reg[20]/C
                            (rising edge-triggered cell FDRE)
  Destination:            top_module/program_counter/pc_reg[20]/D
  Path Group:             (none)
  Path Type:              Min at Fast Process Corner
  Data Path Delay:        0.419ns  (logic 0.249ns (59.393%)  route 0.170ns (40.607%))
  Logic Levels:           3  (CARRY4=1 FDRE=1 LUT4=1)

    Location             Delay type                Incr(ns)  Path(ns)    Netlist Resource(s)
  -------------------------------------------------------------------    -------------------
    SLICE_X35Y4          FDRE                         0.000     0.000 r  top_module/program_counter/pc_reg[20]/C
    SLICE_X35Y4          FDRE (Prop_fdre_C_Q)         0.141     0.141 r  top_module/program_counter/pc_reg[20]/Q
                         net (fo=4, routed)           0.170     0.311    top_module/program_counter/pc_reg[17]
    SLICE_X35Y4          LUT4 (Prop_lut4_I3_O)        0.045     0.356 r  top_module/program_counter/pc[17]_i_2/O
                         net (fo=1, routed)           0.000     0.356    top_module/program_counter/pc[17]_i_2_n_0
    SLICE_X35Y4          CARRY4 (Prop_carry4_S[3]_O[3])
                                                      0.063     0.419 r  top_module/program_counter/pc_reg[17]_i_1/O[3]
                         net (fo=1, routed)           0.000     0.419    top_module/program_counter/pc_reg[17]_i_1_n_4
    SLICE_X35Y4          FDRE                                         r  top_module/program_counter/pc_reg[20]/D
  -------------------------------------------------------------------    -------------------

Slack:                    inf
  Source:                 top_module/program_counter/pc_reg[24]/C
                            (rising edge-triggered cell FDRE)
  Destination:            top_module/program_counter/pc_reg[24]/D
  Path Group:             (none)
  Path Type:              Min at Fast Process Corner
  Data Path Delay:        0.419ns  (logic 0.249ns (59.393%)  route 0.170ns (40.607%))
  Logic Levels:           3  (CARRY4=1 FDRE=1 LUT4=1)

    Location             Delay type                Incr(ns)  Path(ns)    Netlist Resource(s)
  -------------------------------------------------------------------    -------------------
    SLICE_X35Y5          FDRE                         0.000     0.000 r  top_module/program_counter/pc_reg[24]/C
    SLICE_X35Y5          FDRE (Prop_fdre_C_Q)         0.141     0.141 r  top_module/program_counter/pc_reg[24]/Q
                         net (fo=4, routed)           0.170     0.311    top_module/program_counter/pc_reg[21]
    SLICE_X35Y5          LUT4 (Prop_lut4_I3_O)        0.045     0.356 r  top_module/program_counter/pc[21]_i_2/O
                         net (fo=1, routed)           0.000     0.356    top_module/program_counter/pc[21]_i_2_n_0
    SLICE_X35Y5          CARRY4 (Prop_carry4_S[3]_O[3])
                                                      0.063     0.419 r  top_module/program_counter/pc_reg[21]_i_1/O[3]
                         net (fo=1, routed)           0.000     0.419    top_module/program_counter/pc_reg[21]_i_1_n_4
    SLICE_X35Y5          FDRE                                         r  top_module/program_counter/pc_reg[24]/D
  -------------------------------------------------------------------    -------------------





--------------------------------------------------------------------------------------
Path Group:  (none)
From Clock:  sys_clk_pin
  To Clock:  

Max Delay            11 Endpoints
Min Delay            11 Endpoints
--------------------------------------------------------------------------------------


Max Delay Paths
--------------------------------------------------------------------------------------
Slack:                    inf
  Source:                 display/sel_reg[0]/C
                            (rising edge-triggered cell FDRE clocked by sys_clk_pin  {rise@0.000ns fall@5.000ns period=10.000ns})
  Destination:            seg[4]
                            (output port)
  Path Group:             (none)
  Path Type:              Max at Slow Process Corner
  Data Path Delay:        11.179ns  (logic 4.969ns (44.450%)  route 6.210ns (55.550%))
  Logic Levels:           5  (LUT2=1 LUT4=1 LUT6=2 OBUF=1)
  Clock Uncertainty:      0.025ns  ((TSJ^2 + TIJ^2)^1/2 + DJ) / 2 + PE
    Total System Jitter     (TSJ):    0.050ns
    Total Input Jitter      (TIJ):    0.000ns
    Discrete Jitter          (DJ):    0.000ns
    Phase Error              (PE):    0.000ns

    Location             Delay type                Incr(ns)  Path(ns)    Netlist Resource(s)
  -------------------------------------------------------------------    -------------------
                         (clock sys_clk_pin rise edge)
                                                      0.000     0.000 r  
    W5                                                0.000     0.000 r  clk (IN)
                         net (fo=0)                   0.000     0.000    clk
    W5                   IBUF (Prop_ibuf_I_O)         1.458     1.458 r  clk_IBUF_inst/O
                         net (fo=1, routed)           1.967     3.425    clk_IBUF
    BUFGCTRL_X0Y1        BUFG (Prop_bufg_I_O)         0.096     3.521 r  clk_IBUF_BUFG_inst/O
                         net (fo=46, routed)          1.565     5.086    display/CLK
    SLICE_X41Y8          FDRE                                         r  display/sel_reg[0]/C
  -------------------------------------------------------------------    -------------------
    SLICE_X41Y8          FDRE (Prop_fdre_C_Q)         0.456     5.542 f  display/sel_reg[0]/Q
                         net (fo=16, routed)          1.590     7.132    display/Q[0]
    SLICE_X52Y15         LUT2 (Prop_lut2_I0_O)        0.150     7.282 r  display/seg_OBUF[6]_inst_i_31/O
                         net (fo=1, routed)           0.515     7.797    top_module/program_counter/seg_OBUF[6]_inst_i_3_0
    SLICE_X52Y10         LUT6 (Prop_lut6_I0_O)        0.328     8.125 r  top_module/program_counter/seg_OBUF[6]_inst_i_10/O
                         net (fo=1, routed)           1.001     9.126    top_module/program_counter/seg_OBUF[6]_inst_i_10_n_0
    SLICE_X55Y16         LUT6 (Prop_lut6_I0_O)        0.124     9.250 r  top_module/program_counter/seg_OBUF[6]_inst_i_3/O
                         net (fo=7, routed)           0.847    10.097    top_module/program_counter/display/digit__31[2]
    SLICE_X56Y16         LUT4 (Prop_lut4_I3_O)        0.152    10.249 r  top_module/program_counter/seg_OBUF[4]_inst_i_1/O
                         net (fo=1, routed)           2.257    12.506    seg_OBUF[4]
    U8                   OBUF (Prop_obuf_I_O)         3.759    16.265 r  seg_OBUF[4]_inst/O
                         net (fo=0)                   0.000    16.265    seg[4]
    U8                                                                r  seg[4] (OUT)
  -------------------------------------------------------------------    -------------------

Slack:                    inf
  Source:                 display/sel_reg[0]/C
                            (rising edge-triggered cell FDRE clocked by sys_clk_pin  {rise@0.000ns fall@5.000ns period=10.000ns})
  Destination:            seg[6]
                            (output port)
  Path Group:             (none)
  Path Type:              Max at Slow Process Corner
  Data Path Delay:        11.035ns  (logic 4.923ns (44.610%)  route 6.112ns (55.390%))
  Logic Levels:           5  (LUT2=1 LUT4=1 LUT6=2 OBUF=1)
  Clock Uncertainty:      0.025ns  ((TSJ^2 + TIJ^2)^1/2 + DJ) / 2 + PE
    Total System Jitter     (TSJ):    0.050ns
    Total Input Jitter      (TIJ):    0.000ns
    Discrete Jitter          (DJ):    0.000ns
    Phase Error              (PE):    0.000ns

    Location             Delay type                Incr(ns)  Path(ns)    Netlist Resource(s)
  -------------------------------------------------------------------    -------------------
                         (clock sys_clk_pin rise edge)
                                                      0.000     0.000 r  
    W5                                                0.000     0.000 r  clk (IN)
                         net (fo=0)                   0.000     0.000    clk
    W5                   IBUF (Prop_ibuf_I_O)         1.458     1.458 r  clk_IBUF_inst/O
                         net (fo=1, routed)           1.967     3.425    clk_IBUF
    BUFGCTRL_X0Y1        BUFG (Prop_bufg_I_O)         0.096     3.521 r  clk_IBUF_BUFG_inst/O
                         net (fo=46, routed)          1.565     5.086    display/CLK
    SLICE_X41Y8          FDRE                                         r  display/sel_reg[0]/C
  -------------------------------------------------------------------    -------------------
    SLICE_X41Y8          FDRE (Prop_fdre_C_Q)         0.456     5.542 f  display/sel_reg[0]/Q
                         net (fo=16, routed)          1.590     7.132    display/Q[0]
    SLICE_X52Y15         LUT2 (Prop_lut2_I0_O)        0.150     7.282 r  display/seg_OBUF[6]_inst_i_31/O
                         net (fo=1, routed)           0.515     7.797    top_module/program_counter/seg_OBUF[6]_inst_i_3_0
    SLICE_X52Y10         LUT6 (Prop_lut6_I0_O)        0.328     8.125 r  top_module/program_counter/seg_OBUF[6]_inst_i_10/O
                         net (fo=1, routed)           1.001     9.126    top_module/program_counter/seg_OBUF[6]_inst_i_10_n_0
    SLICE_X55Y16         LUT6 (Prop_lut6_I0_O)        0.124     9.250 r  top_module/program_counter/seg_OBUF[6]_inst_i_3/O
                         net (fo=7, routed)           0.857    10.107    top_module/program_counter/display/digit__31[2]
    SLICE_X56Y16         LUT4 (Prop_lut4_I1_O)        0.150    10.257 r  top_module/program_counter/seg_OBUF[6]_inst_i_1/O
                         net (fo=1, routed)           2.149    12.407    seg_OBUF[6]
    W7                   OBUF (Prop_obuf_I_O)         3.715    16.121 r  seg_OBUF[6]_inst/O
                         net (fo=0)                   0.000    16.121    seg[6]
    W7                                                                r  seg[6] (OUT)
  -------------------------------------------------------------------    -------------------

Slack:                    inf
  Source:                 display/sel_reg[0]/C
                            (rising edge-triggered cell FDRE clocked by sys_clk_pin  {rise@0.000ns fall@5.000ns period=10.000ns})
  Destination:            seg[2]
                            (output port)
  Path Group:             (none)
  Path Type:              Max at Slow Process Corner
  Data Path Delay:        10.717ns  (logic 4.702ns (43.875%)  route 6.015ns (56.125%))
  Logic Levels:           5  (LUT2=1 LUT4=1 LUT6=2 OBUF=1)
  Clock Uncertainty:      0.025ns  ((TSJ^2 + TIJ^2)^1/2 + DJ) / 2 + PE
    Total System Jitter     (TSJ):    0.050ns
    Total Input Jitter      (TIJ):    0.000ns
    Discrete Jitter          (DJ):    0.000ns
    Phase Error              (PE):    0.000ns

    Location             Delay type                Incr(ns)  Path(ns)    Netlist Resource(s)
  -------------------------------------------------------------------    -------------------
                         (clock sys_clk_pin rise edge)
                                                      0.000     0.000 r  
    W5                                                0.000     0.000 r  clk (IN)
                         net (fo=0)                   0.000     0.000    clk
    W5                   IBUF (Prop_ibuf_I_O)         1.458     1.458 r  clk_IBUF_inst/O
                         net (fo=1, routed)           1.967     3.425    clk_IBUF
    BUFGCTRL_X0Y1        BUFG (Prop_bufg_I_O)         0.096     3.521 r  clk_IBUF_BUFG_inst/O
                         net (fo=46, routed)          1.565     5.086    display/CLK
    SLICE_X41Y8          FDRE                                         r  display/sel_reg[0]/C
  -------------------------------------------------------------------    -------------------
    SLICE_X41Y8          FDRE (Prop_fdre_C_Q)         0.456     5.542 f  display/sel_reg[0]/Q
                         net (fo=16, routed)          1.590     7.132    display/Q[0]
    SLICE_X52Y15         LUT2 (Prop_lut2_I0_O)        0.150     7.282 r  display/seg_OBUF[6]_inst_i_31/O
                         net (fo=1, routed)           0.515     7.797    top_module/program_counter/seg_OBUF[6]_inst_i_3_0
    SLICE_X52Y10         LUT6 (Prop_lut6_I0_O)        0.328     8.125 r  top_module/program_counter/seg_OBUF[6]_inst_i_10/O
                         net (fo=1, routed)           1.001     9.126    top_module/program_counter/seg_OBUF[6]_inst_i_10_n_0
    SLICE_X55Y16         LUT6 (Prop_lut6_I0_O)        0.124     9.250 r  top_module/program_counter/seg_OBUF[6]_inst_i_3/O
                         net (fo=7, routed)           0.847    10.097    top_module/program_counter/display/digit__31[2]
    SLICE_X56Y16         LUT4 (Prop_lut4_I2_O)        0.124    10.221 r  top_module/program_counter/seg_OBUF[2]_inst_i_1/O
                         net (fo=1, routed)           2.062    12.283    seg_OBUF[2]
    U5                   OBUF (Prop_obuf_I_O)         3.520    15.803 r  seg_OBUF[2]_inst/O
                         net (fo=0)                   0.000    15.803    seg[2]
    U5                                                                r  seg[2] (OUT)
  -------------------------------------------------------------------    -------------------

Slack:                    inf
  Source:                 display/sel_reg[0]/C
                            (rising edge-triggered cell FDRE clocked by sys_clk_pin  {rise@0.000ns fall@5.000ns period=10.000ns})
  Destination:            seg[1]
                            (output port)
  Path Group:             (none)
  Path Type:              Max at Slow Process Corner
  Data Path Delay:        10.701ns  (logic 4.686ns (43.793%)  route 6.015ns (56.207%))
  Logic Levels:           5  (LUT2=1 LUT4=1 LUT6=2 OBUF=1)
  Clock Uncertainty:      0.025ns  ((TSJ^2 + TIJ^2)^1/2 + DJ) / 2 + PE
    Total System Jitter     (TSJ):    0.050ns
    Total Input Jitter      (TIJ):    0.000ns
    Discrete Jitter          (DJ):    0.000ns
    Phase Error              (PE):    0.000ns

    Location             Delay type                Incr(ns)  Path(ns)    Netlist Resource(s)
  -------------------------------------------------------------------    -------------------
                         (clock sys_clk_pin rise edge)
                                                      0.000     0.000 r  
    W5                                                0.000     0.000 r  clk (IN)
                         net (fo=0)                   0.000     0.000    clk
    W5                   IBUF (Prop_ibuf_I_O)         1.458     1.458 r  clk_IBUF_inst/O
                         net (fo=1, routed)           1.967     3.425    clk_IBUF
    BUFGCTRL_X0Y1        BUFG (Prop_bufg_I_O)         0.096     3.521 r  clk_IBUF_BUFG_inst/O
                         net (fo=46, routed)          1.565     5.086    display/CLK
    SLICE_X41Y8          FDRE                                         r  display/sel_reg[0]/C
  -------------------------------------------------------------------    -------------------
    SLICE_X41Y8          FDRE (Prop_fdre_C_Q)         0.456     5.542 f  display/sel_reg[0]/Q
                         net (fo=16, routed)          1.590     7.132    display/Q[0]
    SLICE_X52Y15         LUT2 (Prop_lut2_I0_O)        0.150     7.282 r  display/seg_OBUF[6]_inst_i_31/O
                         net (fo=1, routed)           0.515     7.797    top_module/program_counter/seg_OBUF[6]_inst_i_3_0
    SLICE_X52Y10         LUT6 (Prop_lut6_I0_O)        0.328     8.125 r  top_module/program_counter/seg_OBUF[6]_inst_i_10/O
                         net (fo=1, routed)           1.001     9.126    top_module/program_counter/seg_OBUF[6]_inst_i_10_n_0
    SLICE_X55Y16         LUT6 (Prop_lut6_I0_O)        0.124     9.250 r  top_module/program_counter/seg_OBUF[6]_inst_i_3/O
                         net (fo=7, routed)           0.857    10.107    top_module/program_counter/display/digit__31[2]
    SLICE_X56Y16         LUT4 (Prop_lut4_I1_O)        0.124    10.231 r  top_module/program_counter/seg_OBUF[1]_inst_i_1/O
                         net (fo=1, routed)           2.052    12.283    seg_OBUF[1]
    V5                   OBUF (Prop_obuf_I_O)         3.504    15.788 r  seg_OBUF[1]_inst/O
                         net (fo=0)                   0.000    15.788    seg[1]
    V5                                                                r  seg[1] (OUT)
  -------------------------------------------------------------------    -------------------

Slack:                    inf
  Source:                 display/sel_reg[0]/C
                            (rising edge-triggered cell FDRE clocked by sys_clk_pin  {rise@0.000ns fall@5.000ns period=10.000ns})
  Destination:            seg[5]
                            (output port)
  Path Group:             (none)
  Path Type:              Max at Slow Process Corner
  Data Path Delay:        10.650ns  (logic 4.911ns (46.113%)  route 5.739ns (53.887%))
  Logic Levels:           5  (LUT2=1 LUT4=1 LUT6=2 OBUF=1)
  Clock Uncertainty:      0.025ns  ((TSJ^2 + TIJ^2)^1/2 + DJ) / 2 + PE
    Total System Jitter     (TSJ):    0.050ns
    Total Input Jitter      (TIJ):    0.000ns
    Discrete Jitter          (DJ):    0.000ns
    Phase Error              (PE):    0.000ns

    Location             Delay type                Incr(ns)  Path(ns)    Netlist Resource(s)
  -------------------------------------------------------------------    -------------------
                         (clock sys_clk_pin rise edge)
                                                      0.000     0.000 r  
    W5                                                0.000     0.000 r  clk (IN)
                         net (fo=0)                   0.000     0.000    clk
    W5                   IBUF (Prop_ibuf_I_O)         1.458     1.458 r  clk_IBUF_inst/O
                         net (fo=1, routed)           1.967     3.425    clk_IBUF
    BUFGCTRL_X0Y1        BUFG (Prop_bufg_I_O)         0.096     3.521 r  clk_IBUF_BUFG_inst/O
                         net (fo=46, routed)          1.565     5.086    display/CLK
    SLICE_X41Y8          FDRE                                         r  display/sel_reg[0]/C
  -------------------------------------------------------------------    -------------------
    SLICE_X41Y8          FDRE (Prop_fdre_C_Q)         0.456     5.542 f  display/sel_reg[0]/Q
                         net (fo=16, routed)          1.590     7.132    display/Q[0]
    SLICE_X52Y15         LUT2 (Prop_lut2_I0_O)        0.150     7.282 r  display/seg_OBUF[6]_inst_i_31/O
                         net (fo=1, routed)           0.515     7.797    top_module/program_counter/seg_OBUF[6]_inst_i_3_0
    SLICE_X52Y10         LUT6 (Prop_lut6_I0_O)        0.328     8.125 r  top_module/program_counter/seg_OBUF[6]_inst_i_10/O
                         net (fo=1, routed)           1.001     9.126    top_module/program_counter/seg_OBUF[6]_inst_i_10_n_0
    SLICE_X55Y16         LUT6 (Prop_lut6_I0_O)        0.124     9.250 r  top_module/program_counter/seg_OBUF[6]_inst_i_3/O
                         net (fo=7, routed)           0.459     9.709    top_module/program_counter/display/digit__31[2]
    SLICE_X56Y16         LUT4 (Prop_lut4_I1_O)        0.117     9.826 r  top_module/program_counter/seg_OBUF[5]_inst_i_1/O
                         net (fo=1, routed)           2.174    12.000    seg_OBUF[5]
    W6                   OBUF (Prop_obuf_I_O)         3.736    15.737 r  seg_OBUF[5]_inst/O
                         net (fo=0)                   0.000    15.737    seg[5]
    W6                                                                r  seg[5] (OUT)
  -------------------------------------------------------------------    -------------------

Slack:                    inf
  Source:                 display/sel_reg[0]/C
                            (rising edge-triggered cell FDRE clocked by sys_clk_pin  {rise@0.000ns fall@5.000ns period=10.000ns})
  Destination:            seg[3]
                            (output port)
  Path Group:             (none)
  Path Type:              Max at Slow Process Corner
  Data Path Delay:        10.402ns  (logic 4.718ns (45.351%)  route 5.685ns (54.649%))
  Logic Levels:           5  (LUT2=1 LUT4=1 LUT6=2 OBUF=1)
  Clock Uncertainty:      0.025ns  ((TSJ^2 + TIJ^2)^1/2 + DJ) / 2 + PE
    Total System Jitter     (TSJ):    0.050ns
    Total Input Jitter      (TIJ):    0.000ns
    Discrete Jitter          (DJ):    0.000ns
    Phase Error              (PE):    0.000ns

    Location             Delay type                Incr(ns)  Path(ns)    Netlist Resource(s)
  -------------------------------------------------------------------    -------------------
                         (clock sys_clk_pin rise edge)
                                                      0.000     0.000 r  
    W5                                                0.000     0.000 r  clk (IN)
                         net (fo=0)                   0.000     0.000    clk
    W5                   IBUF (Prop_ibuf_I_O)         1.458     1.458 r  clk_IBUF_inst/O
                         net (fo=1, routed)           1.967     3.425    clk_IBUF
    BUFGCTRL_X0Y1        BUFG (Prop_bufg_I_O)         0.096     3.521 r  clk_IBUF_BUFG_inst/O
                         net (fo=46, routed)          1.565     5.086    display/CLK
    SLICE_X41Y8          FDRE                                         r  display/sel_reg[0]/C
  -------------------------------------------------------------------    -------------------
    SLICE_X41Y8          FDRE (Prop_fdre_C_Q)         0.456     5.542 f  display/sel_reg[0]/Q
                         net (fo=16, routed)          1.590     7.132    display/Q[0]
    SLICE_X52Y15         LUT2 (Prop_lut2_I0_O)        0.150     7.282 r  display/seg_OBUF[6]_inst_i_31/O
                         net (fo=1, routed)           0.515     7.797    top_module/program_counter/seg_OBUF[6]_inst_i_3_0
    SLICE_X52Y10         LUT6 (Prop_lut6_I0_O)        0.328     8.125 r  top_module/program_counter/seg_OBUF[6]_inst_i_10/O
                         net (fo=1, routed)           1.001     9.126    top_module/program_counter/seg_OBUF[6]_inst_i_10_n_0
    SLICE_X55Y16         LUT6 (Prop_lut6_I0_O)        0.124     9.250 r  top_module/program_counter/seg_OBUF[6]_inst_i_3/O
                         net (fo=7, routed)           0.459     9.709    top_module/program_counter/display/digit__31[2]
    SLICE_X56Y16         LUT4 (Prop_lut4_I1_O)        0.124     9.833 r  top_module/program_counter/seg_OBUF[3]_inst_i_1/O
                         net (fo=1, routed)           2.120    11.953    seg_OBUF[3]
    V8                   OBUF (Prop_obuf_I_O)         3.536    15.489 r  seg_OBUF[3]_inst/O
                         net (fo=0)                   0.000    15.489    seg[3]
    V8                                                                r  seg[3] (OUT)
  -------------------------------------------------------------------    -------------------

Slack:                    inf
  Source:                 display/sel_reg[0]/C
                            (rising edge-triggered cell FDRE clocked by sys_clk_pin  {rise@0.000ns fall@5.000ns period=10.000ns})
  Destination:            seg[0]
                            (output port)
  Path Group:             (none)
  Path Type:              Max at Slow Process Corner
  Data Path Delay:        10.395ns  (logic 4.713ns (45.342%)  route 5.682ns (54.658%))
  Logic Levels:           5  (LUT2=1 LUT4=1 LUT6=2 OBUF=1)
  Clock Uncertainty:      0.025ns  ((TSJ^2 + TIJ^2)^1/2 + DJ) / 2 + PE
    Total System Jitter     (TSJ):    0.050ns
    Total Input Jitter      (TIJ):    0.000ns
    Discrete Jitter          (DJ):    0.000ns
    Phase Error              (PE):    0.000ns

    Location             Delay type                Incr(ns)  Path(ns)    Netlist Resource(s)
  -------------------------------------------------------------------    -------------------
                         (clock sys_clk_pin rise edge)
                                                      0.000     0.000 r  
    W5                                                0.000     0.000 r  clk (IN)
                         net (fo=0)                   0.000     0.000    clk
    W5                   IBUF (Prop_ibuf_I_O)         1.458     1.458 r  clk_IBUF_inst/O
                         net (fo=1, routed)           1.967     3.425    clk_IBUF
    BUFGCTRL_X0Y1        BUFG (Prop_bufg_I_O)         0.096     3.521 r  clk_IBUF_BUFG_inst/O
                         net (fo=46, routed)          1.565     5.086    display/CLK
    SLICE_X41Y8          FDRE                                         r  display/sel_reg[0]/C
  -------------------------------------------------------------------    -------------------
    SLICE_X41Y8          FDRE (Prop_fdre_C_Q)         0.456     5.542 f  display/sel_reg[0]/Q
                         net (fo=16, routed)          1.590     7.132    display/Q[0]
    SLICE_X52Y15         LUT2 (Prop_lut2_I0_O)        0.150     7.282 r  display/seg_OBUF[6]_inst_i_31/O
                         net (fo=1, routed)           0.515     7.797    top_module/program_counter/seg_OBUF[6]_inst_i_3_0
    SLICE_X52Y10         LUT6 (Prop_lut6_I0_O)        0.328     8.125 r  top_module/program_counter/seg_OBUF[6]_inst_i_10/O
                         net (fo=1, routed)           1.001     9.126    top_module/program_counter/seg_OBUF[6]_inst_i_10_n_0
    SLICE_X55Y16         LUT6 (Prop_lut6_I0_O)        0.124     9.250 r  top_module/program_counter/seg_OBUF[6]_inst_i_3/O
                         net (fo=7, routed)           0.463     9.713    top_module/program_counter/display/digit__31[2]
    SLICE_X56Y16         LUT4 (Prop_lut4_I2_O)        0.124     9.837 r  top_module/program_counter/seg_OBUF[0]_inst_i_1/O
                         net (fo=1, routed)           2.113    11.950    seg_OBUF[0]
    U7                   OBUF (Prop_obuf_I_O)         3.531    15.482 r  seg_OBUF[0]_inst/O
                         net (fo=0)                   0.000    15.482    seg[0]
    U7                                                                r  seg[0] (OUT)
  -------------------------------------------------------------------    -------------------

Slack:                    inf
  Source:                 display/sel_reg[0]/C
                            (rising edge-triggered cell FDRE clocked by sys_clk_pin  {rise@0.000ns fall@5.000ns period=10.000ns})
  Destination:            an[0]
                            (output port)
  Path Group:             (none)
  Path Type:              Max at Slow Process Corner
  Data Path Delay:        8.927ns  (logic 4.313ns (48.314%)  route 4.614ns (51.686%))
  Logic Levels:           2  (LUT2=1 OBUF=1)
  Clock Uncertainty:      0.025ns  ((TSJ^2 + TIJ^2)^1/2 + DJ) / 2 + PE
    Total System Jitter     (TSJ):    0.050ns
    Total Input Jitter      (TIJ):    0.000ns
    Discrete Jitter          (DJ):    0.000ns
    Phase Error              (PE):    0.000ns

    Location             Delay type                Incr(ns)  Path(ns)    Netlist Resource(s)
  -------------------------------------------------------------------    -------------------
                         (clock sys_clk_pin rise edge)
                                                      0.000     0.000 r  
    W5                                                0.000     0.000 r  clk (IN)
                         net (fo=0)                   0.000     0.000    clk
    W5                   IBUF (Prop_ibuf_I_O)         1.458     1.458 r  clk_IBUF_inst/O
                         net (fo=1, routed)           1.967     3.425    clk_IBUF
    BUFGCTRL_X0Y1        BUFG (Prop_bufg_I_O)         0.096     3.521 r  clk_IBUF_BUFG_inst/O
                         net (fo=46, routed)          1.565     5.086    display/CLK
    SLICE_X41Y8          FDRE                                         r  display/sel_reg[0]/C
  -------------------------------------------------------------------    -------------------
    SLICE_X41Y8          FDRE (Prop_fdre_C_Q)         0.456     5.542 r  display/sel_reg[0]/Q
                         net (fo=16, routed)          2.234     7.776    display/Q[0]
    SLICE_X56Y18         LUT2 (Prop_lut2_I1_O)        0.150     7.926 r  display/an_OBUF[0]_inst_i_1/O
                         net (fo=1, routed)           2.380    10.306    an_OBUF[0]
    U2                   OBUF (Prop_obuf_I_O)         3.707    14.013 r  an_OBUF[0]_inst/O
                         net (fo=0)                   0.000    14.013    an[0]
    U2                                                                r  an[0] (OUT)
  -------------------------------------------------------------------    -------------------

Slack:                    inf
  Source:                 display/sel_reg[0]/C
                            (rising edge-triggered cell FDRE clocked by sys_clk_pin  {rise@0.000ns fall@5.000ns period=10.000ns})
  Destination:            an[2]
                            (output port)
  Path Group:             (none)
  Path Type:              Max at Slow Process Corner
  Data Path Delay:        8.732ns  (logic 4.333ns (49.622%)  route 4.399ns (50.378%))
  Logic Levels:           2  (LUT2=1 OBUF=1)
  Clock Uncertainty:      0.025ns  ((TSJ^2 + TIJ^2)^1/2 + DJ) / 2 + PE
    Total System Jitter     (TSJ):    0.050ns
    Total Input Jitter      (TIJ):    0.000ns
    Discrete Jitter          (DJ):    0.000ns
    Phase Error              (PE):    0.000ns

    Location             Delay type                Incr(ns)  Path(ns)    Netlist Resource(s)
  -------------------------------------------------------------------    -------------------
                         (clock sys_clk_pin rise edge)
                                                      0.000     0.000 r  
    W5                                                0.000     0.000 r  clk (IN)
                         net (fo=0)                   0.000     0.000    clk
    W5                   IBUF (Prop_ibuf_I_O)         1.458     1.458 r  clk_IBUF_inst/O
                         net (fo=1, routed)           1.967     3.425    clk_IBUF
    BUFGCTRL_X0Y1        BUFG (Prop_bufg_I_O)         0.096     3.521 r  clk_IBUF_BUFG_inst/O
                         net (fo=46, routed)          1.565     5.086    display/CLK
    SLICE_X41Y8          FDRE                                         r  display/sel_reg[0]/C
  -------------------------------------------------------------------    -------------------
    SLICE_X41Y8          FDRE (Prop_fdre_C_Q)         0.456     5.542 r  display/sel_reg[0]/Q
                         net (fo=16, routed)          2.221     7.763    display/Q[0]
    SLICE_X57Y19         LUT2 (Prop_lut2_I0_O)        0.152     7.915 r  display/an_OBUF[2]_inst_i_1/O
                         net (fo=1, routed)           2.178    10.093    an_OBUF[2]
    V4                   OBUF (Prop_obuf_I_O)         3.725    13.818 r  an_OBUF[2]_inst/O
                         net (fo=0)                   0.000    13.818    an[2]
    V4                                                                r  an[2] (OUT)
  -------------------------------------------------------------------    -------------------

Slack:                    inf
  Source:                 display/sel_reg[0]/C
                            (rising edge-triggered cell FDRE clocked by sys_clk_pin  {rise@0.000ns fall@5.000ns period=10.000ns})
  Destination:            an[1]
                            (output port)
  Path Group:             (none)
  Path Type:              Max at Slow Process Corner
  Data Path Delay:        8.620ns  (logic 4.079ns (47.322%)  route 4.541ns (52.678%))
  Logic Levels:           2  (LUT2=1 OBUF=1)
  Clock Uncertainty:      0.025ns  ((TSJ^2 + TIJ^2)^1/2 + DJ) / 2 + PE
    Total System Jitter     (TSJ):    0.050ns
    Total Input Jitter      (TIJ):    0.000ns
    Discrete Jitter          (DJ):    0.000ns
    Phase Error              (PE):    0.000ns

    Location             Delay type                Incr(ns)  Path(ns)    Netlist Resource(s)
  -------------------------------------------------------------------    -------------------
                         (clock sys_clk_pin rise edge)
                                                      0.000     0.000 r  
    W5                                                0.000     0.000 r  clk (IN)
                         net (fo=0)                   0.000     0.000    clk
    W5                   IBUF (Prop_ibuf_I_O)         1.458     1.458 r  clk_IBUF_inst/O
                         net (fo=1, routed)           1.967     3.425    clk_IBUF
    BUFGCTRL_X0Y1        BUFG (Prop_bufg_I_O)         0.096     3.521 r  clk_IBUF_BUFG_inst/O
                         net (fo=46, routed)          1.565     5.086    display/CLK
    SLICE_X41Y8          FDRE                                         r  display/sel_reg[0]/C
  -------------------------------------------------------------------    -------------------
    SLICE_X41Y8          FDRE (Prop_fdre_C_Q)         0.456     5.542 f  display/sel_reg[0]/Q
                         net (fo=16, routed)          2.221     7.763    display/Q[0]
    SLICE_X57Y19         LUT2 (Prop_lut2_I1_O)        0.124     7.887 r  display/an_OBUF[1]_inst_i_1/O
                         net (fo=1, routed)           2.320    10.207    an_OBUF[1]
    U4                   OBUF (Prop_obuf_I_O)         3.499    13.706 r  an_OBUF[1]_inst/O
                         net (fo=0)                   0.000    13.706    an[1]
    U4                                                                r  an[1] (OUT)
  -------------------------------------------------------------------    -------------------





Min Delay Paths
--------------------------------------------------------------------------------------
Slack:                    inf
  Source:                 display/sel_reg[1]/C
                            (rising edge-triggered cell FDRE clocked by sys_clk_pin  {rise@0.000ns fall@5.000ns period=10.000ns})
  Destination:            seg[0]
                            (output port)
  Path Group:             (none)
  Path Type:              Min at Fast Process Corner
  Data Path Delay:        2.836ns  (logic 1.508ns (53.190%)  route 1.327ns (46.810%))
  Logic Levels:           4  (LUT4=1 LUT6=2 OBUF=1)
  Clock Uncertainty:      0.025ns  ((TSJ^2 + TIJ^2)^1/2 + DJ) / 2 + PE
    Total System Jitter     (TSJ):    0.050ns
    Total Input Jitter      (TIJ):    0.000ns
    Discrete Jitter          (DJ):    0.000ns
    Phase Error              (PE):    0.000ns

    Location             Delay type                Incr(ns)  Path(ns)    Netlist Resource(s)
  -------------------------------------------------------------------    -------------------
                         (clock sys_clk_pin rise edge)
                                                      0.000     0.000 r  
    W5                                                0.000     0.000 r  clk (IN)
                         net (fo=0)                   0.000     0.000    clk
    W5                   IBUF (Prop_ibuf_I_O)         0.226     0.226 r  clk_IBUF_inst/O
                         net (fo=1, routed)           0.631     0.858    clk_IBUF
    BUFGCTRL_X0Y1        BUFG (Prop_bufg_I_O)         0.026     0.884 r  clk_IBUF_BUFG_inst/O
                         net (fo=46, routed)          0.562     1.445    display/CLK
    SLICE_X41Y8          FDRE                                         r  display/sel_reg[1]/C
  -------------------------------------------------------------------    -------------------
    SLICE_X41Y8          FDRE (Prop_fdre_C_Q)         0.141     1.586 r  display/sel_reg[1]/Q
                         net (fo=16, routed)          0.481     2.067    top_module/program_counter/Q[1]
    SLICE_X50Y15         LUT6 (Prop_lut6_I5_O)        0.045     2.112 r  top_module/program_counter/seg_OBUF[6]_inst_i_21/O
                         net (fo=1, routed)           0.171     2.283    top_module/program_counter/seg_OBUF[6]_inst_i_21_n_0
    SLICE_X55Y16         LUT6 (Prop_lut6_I5_O)        0.045     2.328 r  top_module/program_counter/seg_OBUF[6]_inst_i_5/O
                         net (fo=7, routed)           0.118     2.447    top_module/program_counter/display/digit__31[1]
    SLICE_X56Y16         LUT4 (Prop_lut4_I3_O)        0.045     2.492 r  top_module/program_counter/seg_OBUF[0]_inst_i_1/O
                         net (fo=1, routed)           0.557     3.049    seg_OBUF[0]
    U7                   OBUF (Prop_obuf_I_O)         1.232     4.281 r  seg_OBUF[0]_inst/O
                         net (fo=0)                   0.000     4.281    seg[0]
    U7                                                                r  seg[0] (OUT)
  -------------------------------------------------------------------    -------------------

Slack:                    inf
  Source:                 display/sel_reg[1]/C
                            (rising edge-triggered cell FDRE clocked by sys_clk_pin  {rise@0.000ns fall@5.000ns period=10.000ns})
  Destination:            an[3]
                            (output port)
  Path Group:             (none)
  Path Type:              Min at Fast Process Corner
  Data Path Delay:        2.883ns  (logic 1.397ns (48.463%)  route 1.486ns (51.537%))
  Logic Levels:           2  (LUT2=1 OBUF=1)
  Clock Uncertainty:      0.025ns  ((TSJ^2 + TIJ^2)^1/2 + DJ) / 2 + PE
    Total System Jitter     (TSJ):    0.050ns
    Total Input Jitter      (TIJ):    0.000ns
    Discrete Jitter          (DJ):    0.000ns
    Phase Error              (PE):    0.000ns

    Location             Delay type                Incr(ns)  Path(ns)    Netlist Resource(s)
  -------------------------------------------------------------------    -------------------
                         (clock sys_clk_pin rise edge)
                                                      0.000     0.000 r  
    W5                                                0.000     0.000 r  clk (IN)
                         net (fo=0)                   0.000     0.000    clk
    W5                   IBUF (Prop_ibuf_I_O)         0.226     0.226 r  clk_IBUF_inst/O
                         net (fo=1, routed)           0.631     0.858    clk_IBUF
    BUFGCTRL_X0Y1        BUFG (Prop_bufg_I_O)         0.026     0.884 r  clk_IBUF_BUFG_inst/O
                         net (fo=46, routed)          0.562     1.445    display/CLK
    SLICE_X41Y8          FDRE                                         r  display/sel_reg[1]/C
  -------------------------------------------------------------------    -------------------
    SLICE_X41Y8          FDRE (Prop_fdre_C_Q)         0.141     1.586 f  display/sel_reg[1]/Q
                         net (fo=16, routed)          0.864     2.450    display/Q[1]
    SLICE_X56Y18         LUT2 (Prop_lut2_I0_O)        0.045     2.495 r  display/an_OBUF[3]_inst_i_1/O
                         net (fo=1, routed)           0.622     3.117    an_OBUF[3]
    W4                   OBUF (Prop_obuf_I_O)         1.211     4.329 r  an_OBUF[3]_inst/O
                         net (fo=0)                   0.000     4.329    an[3]
    W4                                                                r  an[3] (OUT)
  -------------------------------------------------------------------    -------------------

Slack:                    inf
  Source:                 display/sel_reg[1]/C
                            (rising edge-triggered cell FDRE clocked by sys_clk_pin  {rise@0.000ns fall@5.000ns period=10.000ns})
  Destination:            seg[2]
                            (output port)
  Path Group:             (none)
  Path Type:              Min at Fast Process Corner
  Data Path Delay:        2.888ns  (logic 1.452ns (50.278%)  route 1.436ns (49.722%))
  Logic Levels:           3  (LUT4=1 LUT6=1 OBUF=1)
  Clock Uncertainty:      0.025ns  ((TSJ^2 + TIJ^2)^1/2 + DJ) / 2 + PE
    Total System Jitter     (TSJ):    0.050ns
    Total Input Jitter      (TIJ):    0.000ns
    Discrete Jitter          (DJ):    0.000ns
    Phase Error              (PE):    0.000ns

    Location             Delay type                Incr(ns)  Path(ns)    Netlist Resource(s)
  -------------------------------------------------------------------    -------------------
                         (clock sys_clk_pin rise edge)
                                                      0.000     0.000 r  
    W5                                                0.000     0.000 r  clk (IN)
                         net (fo=0)                   0.000     0.000    clk
    W5                   IBUF (Prop_ibuf_I_O)         0.226     0.226 r  clk_IBUF_inst/O
                         net (fo=1, routed)           0.631     0.858    clk_IBUF
    BUFGCTRL_X0Y1        BUFG (Prop_bufg_I_O)         0.026     0.884 r  clk_IBUF_BUFG_inst/O
                         net (fo=46, routed)          0.562     1.445    display/CLK
    SLICE_X41Y8          FDRE                                         r  display/sel_reg[1]/C
  -------------------------------------------------------------------    -------------------
    SLICE_X41Y8          FDRE (Prop_fdre_C_Q)         0.141     1.586 r  display/sel_reg[1]/Q
                         net (fo=16, routed)          0.558     2.144    top_module/program_counter/Q[1]
    SLICE_X54Y15         LUT6 (Prop_lut6_I3_O)        0.045     2.189 r  top_module/program_counter/seg_OBUF[6]_inst_i_2/O
                         net (fo=7, routed)           0.356     2.545    top_module/program_counter/display/digit__31[3]
    SLICE_X56Y16         LUT4 (Prop_lut4_I0_O)        0.045     2.590 r  top_module/program_counter/seg_OBUF[2]_inst_i_1/O
                         net (fo=1, routed)           0.522     3.112    seg_OBUF[2]
    U5                   OBUF (Prop_obuf_I_O)         1.221     4.333 r  seg_OBUF[2]_inst/O
                         net (fo=0)                   0.000     4.333    seg[2]
    U5                                                                r  seg[2] (OUT)
  -------------------------------------------------------------------    -------------------

Slack:                    inf
  Source:                 display/sel_reg[1]/C
                            (rising edge-triggered cell FDRE clocked by sys_clk_pin  {rise@0.000ns fall@5.000ns period=10.000ns})
  Destination:            an[1]
                            (output port)
  Path Group:             (none)
  Path Type:              Min at Fast Process Corner
  Data Path Delay:        2.894ns  (logic 1.386ns (47.897%)  route 1.508ns (52.103%))
  Logic Levels:           2  (LUT2=1 OBUF=1)
  Clock Uncertainty:      0.025ns  ((TSJ^2 + TIJ^2)^1/2 + DJ) / 2 + PE
    Total System Jitter     (TSJ):    0.050ns
    Total Input Jitter      (TIJ):    0.000ns
    Discrete Jitter          (DJ):    0.000ns
    Phase Error              (PE):    0.000ns

    Location             Delay type                Incr(ns)  Path(ns)    Netlist Resource(s)
  -------------------------------------------------------------------    -------------------
                         (clock sys_clk_pin rise edge)
                                                      0.000     0.000 r  
    W5                                                0.000     0.000 r  clk (IN)
                         net (fo=0)                   0.000     0.000    clk
    W5                   IBUF (Prop_ibuf_I_O)         0.226     0.226 r  clk_IBUF_inst/O
                         net (fo=1, routed)           0.631     0.858    clk_IBUF
    BUFGCTRL_X0Y1        BUFG (Prop_bufg_I_O)         0.026     0.884 r  clk_IBUF_BUFG_inst/O
                         net (fo=46, routed)          0.562     1.445    display/CLK
    SLICE_X41Y8          FDRE                                         r  display/sel_reg[1]/C
  -------------------------------------------------------------------    -------------------
    SLICE_X41Y8          FDRE (Prop_fdre_C_Q)         0.141     1.586 r  display/sel_reg[1]/Q
                         net (fo=16, routed)          0.850     2.436    display/Q[1]
    SLICE_X57Y19         LUT2 (Prop_lut2_I0_O)        0.045     2.481 r  display/an_OBUF[1]_inst_i_1/O
                         net (fo=1, routed)           0.658     3.139    an_OBUF[1]
    U4                   OBUF (Prop_obuf_I_O)         1.200     4.339 r  an_OBUF[1]_inst/O
                         net (fo=0)                   0.000     4.339    an[1]
    U4                                                                r  an[1] (OUT)
  -------------------------------------------------------------------    -------------------

Slack:                    inf
  Source:                 display/sel_reg[1]/C
                            (rising edge-triggered cell FDRE clocked by sys_clk_pin  {rise@0.000ns fall@5.000ns period=10.000ns})
  Destination:            seg[1]
                            (output port)
  Path Group:             (none)
  Path Type:              Min at Fast Process Corner
  Data Path Delay:        2.895ns  (logic 1.482ns (51.168%)  route 1.414ns (48.832%))
  Logic Levels:           4  (LUT4=1 LUT6=2 OBUF=1)
  Clock Uncertainty:      0.025ns  ((TSJ^2 + TIJ^2)^1/2 + DJ) / 2 + PE
    Total System Jitter     (TSJ):    0.050ns
    Total Input Jitter      (TIJ):    0.000ns
    Discrete Jitter          (DJ):    0.000ns
    Phase Error              (PE):    0.000ns

    Location             Delay type                Incr(ns)  Path(ns)    Netlist Resource(s)
  -------------------------------------------------------------------    -------------------
                         (clock sys_clk_pin rise edge)
                                                      0.000     0.000 r  
    W5                                                0.000     0.000 r  clk (IN)
                         net (fo=0)                   0.000     0.000    clk
    W5                   IBUF (Prop_ibuf_I_O)         0.226     0.226 r  clk_IBUF_inst/O
                         net (fo=1, routed)           0.631     0.858    clk_IBUF
    BUFGCTRL_X0Y1        BUFG (Prop_bufg_I_O)         0.026     0.884 r  clk_IBUF_BUFG_inst/O
                         net (fo=46, routed)          0.562     1.445    display/CLK
    SLICE_X41Y8          FDRE                                         r  display/sel_reg[1]/C
  -------------------------------------------------------------------    -------------------
    SLICE_X41Y8          FDRE (Prop_fdre_C_Q)         0.141     1.586 r  display/sel_reg[1]/Q
                         net (fo=16, routed)          0.481     2.067    top_module/program_counter/Q[1]
    SLICE_X50Y15         LUT6 (Prop_lut6_I5_O)        0.045     2.112 r  top_module/program_counter/seg_OBUF[6]_inst_i_21/O
                         net (fo=1, routed)           0.171     2.283    top_module/program_counter/seg_OBUF[6]_inst_i_21_n_0
    SLICE_X55Y16         LUT6 (Prop_lut6_I5_O)        0.045     2.328 r  top_module/program_counter/seg_OBUF[6]_inst_i_5/O
                         net (fo=7, routed)           0.237     2.565    top_module/program_counter/display/digit__31[1]
    SLICE_X56Y16         LUT4 (Prop_lut4_I3_O)        0.045     2.610 r  top_module/program_counter/seg_OBUF[1]_inst_i_1/O
                         net (fo=1, routed)           0.525     3.135    seg_OBUF[1]
    V5                   OBUF (Prop_obuf_I_O)         1.206     4.341 r  seg_OBUF[1]_inst/O
                         net (fo=0)                   0.000     4.341    seg[1]
    V5                                                                r  seg[1] (OUT)
  -------------------------------------------------------------------    -------------------

Slack:                    inf
  Source:                 display/sel_reg[1]/C
                            (rising edge-triggered cell FDRE clocked by sys_clk_pin  {rise@0.000ns fall@5.000ns period=10.000ns})
  Destination:            seg[3]
                            (output port)
  Path Group:             (none)
  Path Type:              Min at Fast Process Corner
  Data Path Delay:        2.915ns  (logic 1.512ns (51.881%)  route 1.403ns (48.119%))
  Logic Levels:           4  (LUT2=1 LUT4=1 LUT6=1 OBUF=1)
  Clock Uncertainty:      0.025ns  ((TSJ^2 + TIJ^2)^1/2 + DJ) / 2 + PE
    Total System Jitter     (TSJ):    0.050ns
    Total Input Jitter      (TIJ):    0.000ns
    Discrete Jitter          (DJ):    0.000ns
    Phase Error              (PE):    0.000ns

    Location             Delay type                Incr(ns)  Path(ns)    Netlist Resource(s)
  -------------------------------------------------------------------    -------------------
                         (clock sys_clk_pin rise edge)
                                                      0.000     0.000 r  
    W5                                                0.000     0.000 r  clk (IN)
                         net (fo=0)                   0.000     0.000    clk
    W5                   IBUF (Prop_ibuf_I_O)         0.226     0.226 r  clk_IBUF_inst/O
                         net (fo=1, routed)           0.631     0.858    clk_IBUF
    BUFGCTRL_X0Y1        BUFG (Prop_bufg_I_O)         0.026     0.884 r  clk_IBUF_BUFG_inst/O
                         net (fo=46, routed)          0.562     1.445    display/CLK
    SLICE_X41Y8          FDRE                                         r  display/sel_reg[1]/C
  -------------------------------------------------------------------    -------------------
    SLICE_X41Y8          FDRE (Prop_fdre_C_Q)         0.141     1.586 r  display/sel_reg[1]/Q
                         net (fo=16, routed)          0.510     2.097    display/Q[1]
    SLICE_X52Y15         LUT2 (Prop_lut2_I1_O)        0.045     2.142 r  display/seg_OBUF[6]_inst_i_14/O
                         net (fo=1, routed)           0.163     2.305    top_module/program_counter/seg_OBUF[2]_inst_i_1_0
    SLICE_X55Y16         LUT6 (Prop_lut6_I4_O)        0.045     2.350 r  top_module/program_counter/seg_OBUF[6]_inst_i_3/O
                         net (fo=7, routed)           0.180     2.530    top_module/program_counter/display/digit__31[2]
    SLICE_X56Y16         LUT4 (Prop_lut4_I1_O)        0.045     2.575 r  top_module/program_counter/seg_OBUF[3]_inst_i_1/O
                         net (fo=1, routed)           0.549     3.124    seg_OBUF[3]
    V8                   OBUF (Prop_obuf_I_O)         1.236     4.360 r  seg_OBUF[3]_inst/O
                         net (fo=0)                   0.000     4.360    seg[3]
    V8                                                                r  seg[3] (OUT)
  -------------------------------------------------------------------    -------------------

Slack:                    inf
  Source:                 display/sel_reg[1]/C
                            (rising edge-triggered cell FDRE clocked by sys_clk_pin  {rise@0.000ns fall@5.000ns period=10.000ns})
  Destination:            an[2]
                            (output port)
  Path Group:             (none)
  Path Type:              Min at Fast Process Corner
  Data Path Delay:        2.937ns  (logic 1.469ns (50.013%)  route 1.468ns (49.987%))
  Logic Levels:           2  (LUT2=1 OBUF=1)
  Clock Uncertainty:      0.025ns  ((TSJ^2 + TIJ^2)^1/2 + DJ) / 2 + PE
    Total System Jitter     (TSJ):    0.050ns
    Total Input Jitter      (TIJ):    0.000ns
    Discrete Jitter          (DJ):    0.000ns
    Phase Error              (PE):    0.000ns

    Location             Delay type                Incr(ns)  Path(ns)    Netlist Resource(s)
  -------------------------------------------------------------------    -------------------
                         (clock sys_clk_pin rise edge)
                                                      0.000     0.000 r  
    W5                                                0.000     0.000 r  clk (IN)
                         net (fo=0)                   0.000     0.000    clk
    W5                   IBUF (Prop_ibuf_I_O)         0.226     0.226 r  clk_IBUF_inst/O
                         net (fo=1, routed)           0.631     0.858    clk_IBUF
    BUFGCTRL_X0Y1        BUFG (Prop_bufg_I_O)         0.026     0.884 r  clk_IBUF_BUFG_inst/O
                         net (fo=46, routed)          0.562     1.445    display/CLK
    SLICE_X41Y8          FDRE                                         r  display/sel_reg[1]/C
  -------------------------------------------------------------------    -------------------
    SLICE_X41Y8          FDRE (Prop_fdre_C_Q)         0.141     1.586 f  display/sel_reg[1]/Q
                         net (fo=16, routed)          0.850     2.436    display/Q[1]
    SLICE_X57Y19         LUT2 (Prop_lut2_I1_O)        0.042     2.478 r  display/an_OBUF[2]_inst_i_1/O
                         net (fo=1, routed)           0.618     3.096    an_OBUF[2]
    V4                   OBUF (Prop_obuf_I_O)         1.286     4.382 r  an_OBUF[2]_inst/O
                         net (fo=0)                   0.000     4.382    an[2]
    V4                                                                r  an[2] (OUT)
  -------------------------------------------------------------------    -------------------

Slack:                    inf
  Source:                 display/sel_reg[1]/C
                            (rising edge-triggered cell FDRE clocked by sys_clk_pin  {rise@0.000ns fall@5.000ns period=10.000ns})
  Destination:            an[0]
                            (output port)
  Path Group:             (none)
  Path Type:              Min at Fast Process Corner
  Data Path Delay:        3.010ns  (logic 1.455ns (48.335%)  route 1.555ns (51.665%))
  Logic Levels:           2  (LUT2=1 OBUF=1)
  Clock Uncertainty:      0.025ns  ((TSJ^2 + TIJ^2)^1/2 + DJ) / 2 + PE
    Total System Jitter     (TSJ):    0.050ns
    Total Input Jitter      (TIJ):    0.000ns
    Discrete Jitter          (DJ):    0.000ns
    Phase Error              (PE):    0.000ns

    Location             Delay type                Incr(ns)  Path(ns)    Netlist Resource(s)
  -------------------------------------------------------------------    -------------------
                         (clock sys_clk_pin rise edge)
                                                      0.000     0.000 r  
    W5                                                0.000     0.000 r  clk (IN)
                         net (fo=0)                   0.000     0.000    clk
    W5                   IBUF (Prop_ibuf_I_O)         0.226     0.226 r  clk_IBUF_inst/O
                         net (fo=1, routed)           0.631     0.858    clk_IBUF
    BUFGCTRL_X0Y1        BUFG (Prop_bufg_I_O)         0.026     0.884 r  clk_IBUF_BUFG_inst/O
                         net (fo=46, routed)          0.562     1.445    display/CLK
    SLICE_X41Y8          FDRE                                         r  display/sel_reg[1]/C
  -------------------------------------------------------------------    -------------------
    SLICE_X41Y8          FDRE (Prop_fdre_C_Q)         0.141     1.586 r  display/sel_reg[1]/Q
                         net (fo=16, routed)          0.864     2.450    display/Q[1]
    SLICE_X56Y18         LUT2 (Prop_lut2_I0_O)        0.044     2.494 r  display/an_OBUF[0]_inst_i_1/O
                         net (fo=1, routed)           0.691     3.185    an_OBUF[0]
    U2                   OBUF (Prop_obuf_I_O)         1.270     4.456 r  an_OBUF[0]_inst/O
                         net (fo=0)                   0.000     4.456    an[0]
    U2                                                                r  an[0] (OUT)
  -------------------------------------------------------------------    -------------------

Slack:                    inf
  Source:                 display/sel_reg[1]/C
                            (rising edge-triggered cell FDRE clocked by sys_clk_pin  {rise@0.000ns fall@5.000ns period=10.000ns})
  Destination:            seg[5]
                            (output port)
  Path Group:             (none)
  Path Type:              Min at Fast Process Corner
  Data Path Delay:        3.028ns  (logic 1.578ns (52.111%)  route 1.450ns (47.889%))
  Logic Levels:           4  (LUT2=1 LUT4=1 LUT6=1 OBUF=1)
  Clock Uncertainty:      0.025ns  ((TSJ^2 + TIJ^2)^1/2 + DJ) / 2 + PE
    Total System Jitter     (TSJ):    0.050ns
    Total Input Jitter      (TIJ):    0.000ns
    Discrete Jitter          (DJ):    0.000ns
    Phase Error              (PE):    0.000ns

    Location             Delay type                Incr(ns)  Path(ns)    Netlist Resource(s)
  -------------------------------------------------------------------    -------------------
                         (clock sys_clk_pin rise edge)
                                                      0.000     0.000 r  
    W5                                                0.000     0.000 r  clk (IN)
                         net (fo=0)                   0.000     0.000    clk
    W5                   IBUF (Prop_ibuf_I_O)         0.226     0.226 r  clk_IBUF_inst/O
                         net (fo=1, routed)           0.631     0.858    clk_IBUF
    BUFGCTRL_X0Y1        BUFG (Prop_bufg_I_O)         0.026     0.884 r  clk_IBUF_BUFG_inst/O
                         net (fo=46, routed)          0.562     1.445    display/CLK
    SLICE_X41Y8          FDRE                                         r  display/sel_reg[1]/C
  -------------------------------------------------------------------    -------------------
    SLICE_X41Y8          FDRE (Prop_fdre_C_Q)         0.141     1.586 r  display/sel_reg[1]/Q
                         net (fo=16, routed)          0.510     2.097    display/Q[1]
    SLICE_X52Y15         LUT2 (Prop_lut2_I1_O)        0.045     2.142 r  display/seg_OBUF[6]_inst_i_14/O
                         net (fo=1, routed)           0.163     2.305    top_module/program_counter/seg_OBUF[2]_inst_i_1_0
    SLICE_X55Y16         LUT6 (Prop_lut6_I4_O)        0.045     2.350 r  top_module/program_counter/seg_OBUF[6]_inst_i_3/O
                         net (fo=7, routed)           0.180     2.530    top_module/program_counter/display/digit__31[2]
    SLICE_X56Y16         LUT4 (Prop_lut4_I1_O)        0.049     2.579 r  top_module/program_counter/seg_OBUF[5]_inst_i_1/O
                         net (fo=1, routed)           0.596     3.175    seg_OBUF[5]
    W6                   OBUF (Prop_obuf_I_O)         1.298     4.473 r  seg_OBUF[5]_inst/O
                         net (fo=0)                   0.000     4.473    seg[5]
    W6                                                                r  seg[5] (OUT)
  -------------------------------------------------------------------    -------------------

Slack:                    inf
  Source:                 display/sel_reg[1]/C
                            (rising edge-triggered cell FDRE clocked by sys_clk_pin  {rise@0.000ns fall@5.000ns period=10.000ns})
  Destination:            seg[6]
                            (output port)
  Path Group:             (none)
  Path Type:              Min at Fast Process Corner
  Data Path Delay:        3.035ns  (logic 1.557ns (51.293%)  route 1.478ns (48.707%))
  Logic Levels:           4  (LUT4=1 LUT6=2 OBUF=1)
  Clock Uncertainty:      0.025ns  ((TSJ^2 + TIJ^2)^1/2 + DJ) / 2 + PE
    Total System Jitter     (TSJ):    0.050ns
    Total Input Jitter      (TIJ):    0.000ns
    Discrete Jitter          (DJ):    0.000ns
    Phase Error              (PE):    0.000ns

    Location             Delay type                Incr(ns)  Path(ns)    Netlist Resource(s)
  -------------------------------------------------------------------    -------------------
                         (clock sys_clk_pin rise edge)
                                                      0.000     0.000 r  
    W5                                                0.000     0.000 r  clk (IN)
                         net (fo=0)                   0.000     0.000    clk
    W5                   IBUF (Prop_ibuf_I_O)         0.226     0.226 r  clk_IBUF_inst/O
                         net (fo=1, routed)           0.631     0.858    clk_IBUF
    BUFGCTRL_X0Y1        BUFG (Prop_bufg_I_O)         0.026     0.884 r  clk_IBUF_BUFG_inst/O
                         net (fo=46, routed)          0.562     1.445    display/CLK
    SLICE_X41Y8          FDRE                                         r  display/sel_reg[1]/C
  -------------------------------------------------------------------    -------------------
    SLICE_X41Y8          FDRE (Prop_fdre_C_Q)         0.141     1.586 r  display/sel_reg[1]/Q
                         net (fo=16, routed)          0.481     2.067    top_module/program_counter/Q[1]
    SLICE_X50Y15         LUT6 (Prop_lut6_I5_O)        0.045     2.112 r  top_module/program_counter/seg_OBUF[6]_inst_i_21/O
                         net (fo=1, routed)           0.171     2.283    top_module/program_counter/seg_OBUF[6]_inst_i_21_n_0
    SLICE_X55Y16         LUT6 (Prop_lut6_I5_O)        0.045     2.328 r  top_module/program_counter/seg_OBUF[6]_inst_i_5/O
                         net (fo=7, routed)           0.237     2.565    top_module/program_counter/display/digit__31[1]
    SLICE_X56Y16         LUT4 (Prop_lut4_I3_O)        0.048     2.613 r  top_module/program_counter/seg_OBUF[6]_inst_i_1/O
                         net (fo=1, routed)           0.589     3.202    seg_OBUF[6]
    W7                   OBUF (Prop_obuf_I_O)         1.278     4.480 r  seg_OBUF[6]_inst/O
                         net (fo=0)                   0.000     4.480    seg[6]
    W7                                                                r  seg[6] (OUT)
  -------------------------------------------------------------------    -------------------





--------------------------------------------------------------------------------------
Path Group:  (none)
From Clock:  
  To Clock:  sys_clk_pin

Max Delay            28 Endpoints
Min Delay            28 Endpoints
--------------------------------------------------------------------------------------


Max Delay Paths
--------------------------------------------------------------------------------------
Slack:                    inf
  Source:                 reset
                            (input port)
  Destination:            divider/count_reg[24]/R
                            (rising edge-triggered cell FDRE clocked by sys_clk_pin  {rise@0.000ns fall@5.000ns period=10.000ns})
  Path Group:             (none)
  Path Type:              Setup (Max at Slow Process Corner)
  Data Path Delay:        5.624ns  (logic 1.577ns (28.039%)  route 4.047ns (71.961%))
  Logic Levels:           2  (IBUF=1 LUT6=1)
  Clock Path Skew:        4.787ns (DCD - SCD + CPR)
    Destination Clock Delay (DCD):    4.787ns
    Source Clock Delay      (SCD):    0.000ns
    Clock Pessimism Removal (CPR):    0.000ns
  Clock Uncertainty:      0.025ns  ((TSJ^2 + TIJ^2)^1/2 + DJ) / 2 + PE
    Total System Jitter     (TSJ):    0.050ns
    Total Input Jitter      (TIJ):    0.000ns
    Discrete Jitter          (DJ):    0.000ns
    Phase Error              (PE):    0.000ns

    Location             Delay type                Incr(ns)  Path(ns)    Netlist Resource(s)
  -------------------------------------------------------------------    -------------------
    V17                                               0.000     0.000 r  reset (IN)
                         net (fo=0)                   0.000     0.000    reset
    V17                  IBUF (Prop_ibuf_I_O)         1.453     1.453 r  reset_IBUF_inst/O
                         net (fo=34, routed)          3.250     4.703    divider/reset_IBUF
    SLICE_X31Y45         LUT6 (Prop_lut6_I0_O)        0.124     4.827 r  divider/count[0]_i_1/O
                         net (fo=27, routed)          0.797     5.624    divider/count[0]_i_1_n_0
    SLICE_X30Y49         FDRE                                         r  divider/count_reg[24]/R
  -------------------------------------------------------------------    -------------------

                         (clock sys_clk_pin rise edge)
                                                      0.000     0.000 r  
    W5                                                0.000     0.000 r  clk (IN)
                         net (fo=0)                   0.000     0.000    clk
    W5                   IBUF (Prop_ibuf_I_O)         1.388     1.388 r  clk_IBUF_inst/O
                         net (fo=1, routed)           1.862     3.250    clk_IBUF
    BUFGCTRL_X0Y1        BUFG (Prop_bufg_I_O)         0.091     3.341 r  clk_IBUF_BUFG_inst/O
                         net (fo=46, routed)          1.446     4.787    divider/CLK
    SLICE_X30Y49         FDRE                                         r  divider/count_reg[24]/C

Slack:                    inf
  Source:                 reset
                            (input port)
  Destination:            divider/count_reg[25]/R
                            (rising edge-triggered cell FDRE clocked by sys_clk_pin  {rise@0.000ns fall@5.000ns period=10.000ns})
  Path Group:             (none)
  Path Type:              Setup (Max at Slow Process Corner)
  Data Path Delay:        5.624ns  (logic 1.577ns (28.039%)  route 4.047ns (71.961%))
  Logic Levels:           2  (IBUF=1 LUT6=1)
  Clock Path Skew:        4.787ns (DCD - SCD + CPR)
    Destination Clock Delay (DCD):    4.787ns
    Source Clock Delay      (SCD):    0.000ns
    Clock Pessimism Removal (CPR):    0.000ns
  Clock Uncertainty:      0.025ns  ((TSJ^2 + TIJ^2)^1/2 + DJ) / 2 + PE
    Total System Jitter     (TSJ):    0.050ns
    Total Input Jitter      (TIJ):    0.000ns
    Discrete Jitter          (DJ):    0.000ns
    Phase Error              (PE):    0.000ns

    Location             Delay type                Incr(ns)  Path(ns)    Netlist Resource(s)
  -------------------------------------------------------------------    -------------------
    V17                                               0.000     0.000 r  reset (IN)
                         net (fo=0)                   0.000     0.000    reset
    V17                  IBUF (Prop_ibuf_I_O)         1.453     1.453 r  reset_IBUF_inst/O
                         net (fo=34, routed)          3.250     4.703    divider/reset_IBUF
    SLICE_X31Y45         LUT6 (Prop_lut6_I0_O)        0.124     4.827 r  divider/count[0]_i_1/O
                         net (fo=27, routed)          0.797     5.624    divider/count[0]_i_1_n_0
    SLICE_X30Y49         FDRE                                         r  divider/count_reg[25]/R
  -------------------------------------------------------------------    -------------------

                         (clock sys_clk_pin rise edge)
                                                      0.000     0.000 r  
    W5                                                0.000     0.000 r  clk (IN)
                         net (fo=0)                   0.000     0.000    clk
    W5                   IBUF (Prop_ibuf_I_O)         1.388     1.388 r  clk_IBUF_inst/O
                         net (fo=1, routed)           1.862     3.250    clk_IBUF
    BUFGCTRL_X0Y1        BUFG (Prop_bufg_I_O)         0.091     3.341 r  clk_IBUF_BUFG_inst/O
                         net (fo=46, routed)          1.446     4.787    divider/CLK
    SLICE_X30Y49         FDRE                                         r  divider/count_reg[25]/C

Slack:                    inf
  Source:                 reset
                            (input port)
  Destination:            divider/count_reg[26]/R
                            (rising edge-triggered cell FDRE clocked by sys_clk_pin  {rise@0.000ns fall@5.000ns period=10.000ns})
  Path Group:             (none)
  Path Type:              Setup (Max at Slow Process Corner)
  Data Path Delay:        5.624ns  (logic 1.577ns (28.039%)  route 4.047ns (71.961%))
  Logic Levels:           2  (IBUF=1 LUT6=1)
  Clock Path Skew:        4.787ns (DCD - SCD + CPR)
    Destination Clock Delay (DCD):    4.787ns
    Source Clock Delay      (SCD):    0.000ns
    Clock Pessimism Removal (CPR):    0.000ns
  Clock Uncertainty:      0.025ns  ((TSJ^2 + TIJ^2)^1/2 + DJ) / 2 + PE
    Total System Jitter     (TSJ):    0.050ns
    Total Input Jitter      (TIJ):    0.000ns
    Discrete Jitter          (DJ):    0.000ns
    Phase Error              (PE):    0.000ns

    Location             Delay type                Incr(ns)  Path(ns)    Netlist Resource(s)
  -------------------------------------------------------------------    -------------------
    V17                                               0.000     0.000 r  reset (IN)
                         net (fo=0)                   0.000     0.000    reset
    V17                  IBUF (Prop_ibuf_I_O)         1.453     1.453 r  reset_IBUF_inst/O
                         net (fo=34, routed)          3.250     4.703    divider/reset_IBUF
    SLICE_X31Y45         LUT6 (Prop_lut6_I0_O)        0.124     4.827 r  divider/count[0]_i_1/O
                         net (fo=27, routed)          0.797     5.624    divider/count[0]_i_1_n_0
    SLICE_X30Y49         FDRE                                         r  divider/count_reg[26]/R
  -------------------------------------------------------------------    -------------------

                         (clock sys_clk_pin rise edge)
                                                      0.000     0.000 r  
    W5                                                0.000     0.000 r  clk (IN)
                         net (fo=0)                   0.000     0.000    clk
    W5                   IBUF (Prop_ibuf_I_O)         1.388     1.388 r  clk_IBUF_inst/O
                         net (fo=1, routed)           1.862     3.250    clk_IBUF
    BUFGCTRL_X0Y1        BUFG (Prop_bufg_I_O)         0.091     3.341 r  clk_IBUF_BUFG_inst/O
                         net (fo=46, routed)          1.446     4.787    divider/CLK
    SLICE_X30Y49         FDRE                                         r  divider/count_reg[26]/C

Slack:                    inf
  Source:                 reset
                            (input port)
  Destination:            divider/count_reg[20]/R
                            (rising edge-triggered cell FDRE clocked by sys_clk_pin  {rise@0.000ns fall@5.000ns period=10.000ns})
  Path Group:             (none)
  Path Type:              Setup (Max at Slow Process Corner)
  Data Path Delay:        5.485ns  (logic 1.577ns (28.747%)  route 3.908ns (71.253%))
  Logic Levels:           2  (IBUF=1 LUT6=1)
  Clock Path Skew:        4.787ns (DCD - SCD + CPR)
    Destination Clock Delay (DCD):    4.787ns
    Source Clock Delay      (SCD):    0.000ns
    Clock Pessimism Removal (CPR):    0.000ns
  Clock Uncertainty:      0.025ns  ((TSJ^2 + TIJ^2)^1/2 + DJ) / 2 + PE
    Total System Jitter     (TSJ):    0.050ns
    Total Input Jitter      (TIJ):    0.000ns
    Discrete Jitter          (DJ):    0.000ns
    Phase Error              (PE):    0.000ns

    Location             Delay type                Incr(ns)  Path(ns)    Netlist Resource(s)
  -------------------------------------------------------------------    -------------------
    V17                                               0.000     0.000 r  reset (IN)
                         net (fo=0)                   0.000     0.000    reset
    V17                  IBUF (Prop_ibuf_I_O)         1.453     1.453 r  reset_IBUF_inst/O
                         net (fo=34, routed)          3.250     4.703    divider/reset_IBUF
    SLICE_X31Y45         LUT6 (Prop_lut6_I0_O)        0.124     4.827 r  divider/count[0]_i_1/O
                         net (fo=27, routed)          0.659     5.485    divider/count[0]_i_1_n_0
    SLICE_X30Y48         FDRE                                         r  divider/count_reg[20]/R
  -------------------------------------------------------------------    -------------------

                         (clock sys_clk_pin rise edge)
                                                      0.000     0.000 r  
    W5                                                0.000     0.000 r  clk (IN)
                         net (fo=0)                   0.000     0.000    clk
    W5                   IBUF (Prop_ibuf_I_O)         1.388     1.388 r  clk_IBUF_inst/O
                         net (fo=1, routed)           1.862     3.250    clk_IBUF
    BUFGCTRL_X0Y1        BUFG (Prop_bufg_I_O)         0.091     3.341 r  clk_IBUF_BUFG_inst/O
                         net (fo=46, routed)          1.446     4.787    divider/CLK
    SLICE_X30Y48         FDRE                                         r  divider/count_reg[20]/C

Slack:                    inf
  Source:                 reset
                            (input port)
  Destination:            divider/count_reg[21]/R
                            (rising edge-triggered cell FDRE clocked by sys_clk_pin  {rise@0.000ns fall@5.000ns period=10.000ns})
  Path Group:             (none)
  Path Type:              Setup (Max at Slow Process Corner)
  Data Path Delay:        5.485ns  (logic 1.577ns (28.747%)  route 3.908ns (71.253%))
  Logic Levels:           2  (IBUF=1 LUT6=1)
  Clock Path Skew:        4.787ns (DCD - SCD + CPR)
    Destination Clock Delay (DCD):    4.787ns
    Source Clock Delay      (SCD):    0.000ns
    Clock Pessimism Removal (CPR):    0.000ns
  Clock Uncertainty:      0.025ns  ((TSJ^2 + TIJ^2)^1/2 + DJ) / 2 + PE
    Total System Jitter     (TSJ):    0.050ns
    Total Input Jitter      (TIJ):    0.000ns
    Discrete Jitter          (DJ):    0.000ns
    Phase Error              (PE):    0.000ns

    Location             Delay type                Incr(ns)  Path(ns)    Netlist Resource(s)
  -------------------------------------------------------------------    -------------------
    V17                                               0.000     0.000 r  reset (IN)
                         net (fo=0)                   0.000     0.000    reset
    V17                  IBUF (Prop_ibuf_I_O)         1.453     1.453 r  reset_IBUF_inst/O
                         net (fo=34, routed)          3.250     4.703    divider/reset_IBUF
    SLICE_X31Y45         LUT6 (Prop_lut6_I0_O)        0.124     4.827 r  divider/count[0]_i_1/O
                         net (fo=27, routed)          0.659     5.485    divider/count[0]_i_1_n_0
    SLICE_X30Y48         FDRE                                         r  divider/count_reg[21]/R
  -------------------------------------------------------------------    -------------------

                         (clock sys_clk_pin rise edge)
                                                      0.000     0.000 r  
    W5                                                0.000     0.000 r  clk (IN)
                         net (fo=0)                   0.000     0.000    clk
    W5                   IBUF (Prop_ibuf_I_O)         1.388     1.388 r  clk_IBUF_inst/O
                         net (fo=1, routed)           1.862     3.250    clk_IBUF
    BUFGCTRL_X0Y1        BUFG (Prop_bufg_I_O)         0.091     3.341 r  clk_IBUF_BUFG_inst/O
                         net (fo=46, routed)          1.446     4.787    divider/CLK
    SLICE_X30Y48         FDRE                                         r  divider/count_reg[21]/C

Slack:                    inf
  Source:                 reset
                            (input port)
  Destination:            divider/count_reg[22]/R
                            (rising edge-triggered cell FDRE clocked by sys_clk_pin  {rise@0.000ns fall@5.000ns period=10.000ns})
  Path Group:             (none)
  Path Type:              Setup (Max at Slow Process Corner)
  Data Path Delay:        5.485ns  (logic 1.577ns (28.747%)  route 3.908ns (71.253%))
  Logic Levels:           2  (IBUF=1 LUT6=1)
  Clock Path Skew:        4.787ns (DCD - SCD + CPR)
    Destination Clock Delay (DCD):    4.787ns
    Source Clock Delay      (SCD):    0.000ns
    Clock Pessimism Removal (CPR):    0.000ns
  Clock Uncertainty:      0.025ns  ((TSJ^2 + TIJ^2)^1/2 + DJ) / 2 + PE
    Total System Jitter     (TSJ):    0.050ns
    Total Input Jitter      (TIJ):    0.000ns
    Discrete Jitter          (DJ):    0.000ns
    Phase Error              (PE):    0.000ns

    Location             Delay type                Incr(ns)  Path(ns)    Netlist Resource(s)
  -------------------------------------------------------------------    -------------------
    V17                                               0.000     0.000 r  reset (IN)
                         net (fo=0)                   0.000     0.000    reset
    V17                  IBUF (Prop_ibuf_I_O)         1.453     1.453 r  reset_IBUF_inst/O
                         net (fo=34, routed)          3.250     4.703    divider/reset_IBUF
    SLICE_X31Y45         LUT6 (Prop_lut6_I0_O)        0.124     4.827 r  divider/count[0]_i_1/O
                         net (fo=27, routed)          0.659     5.485    divider/count[0]_i_1_n_0
    SLICE_X30Y48         FDRE                                         r  divider/count_reg[22]/R
  -------------------------------------------------------------------    -------------------

                         (clock sys_clk_pin rise edge)
                                                      0.000     0.000 r  
    W5                                                0.000     0.000 r  clk (IN)
                         net (fo=0)                   0.000     0.000    clk
    W5                   IBUF (Prop_ibuf_I_O)         1.388     1.388 r  clk_IBUF_inst/O
                         net (fo=1, routed)           1.862     3.250    clk_IBUF
    BUFGCTRL_X0Y1        BUFG (Prop_bufg_I_O)         0.091     3.341 r  clk_IBUF_BUFG_inst/O
                         net (fo=46, routed)          1.446     4.787    divider/CLK
    SLICE_X30Y48         FDRE                                         r  divider/count_reg[22]/C

Slack:                    inf
  Source:                 reset
                            (input port)
  Destination:            divider/count_reg[23]/R
                            (rising edge-triggered cell FDRE clocked by sys_clk_pin  {rise@0.000ns fall@5.000ns period=10.000ns})
  Path Group:             (none)
  Path Type:              Setup (Max at Slow Process Corner)
  Data Path Delay:        5.485ns  (logic 1.577ns (28.747%)  route 3.908ns (71.253%))
  Logic Levels:           2  (IBUF=1 LUT6=1)
  Clock Path Skew:        4.787ns (DCD - SCD + CPR)
    Destination Clock Delay (DCD):    4.787ns
    Source Clock Delay      (SCD):    0.000ns
    Clock Pessimism Removal (CPR):    0.000ns
  Clock Uncertainty:      0.025ns  ((TSJ^2 + TIJ^2)^1/2 + DJ) / 2 + PE
    Total System Jitter     (TSJ):    0.050ns
    Total Input Jitter      (TIJ):    0.000ns
    Discrete Jitter          (DJ):    0.000ns
    Phase Error              (PE):    0.000ns

    Location             Delay type                Incr(ns)  Path(ns)    Netlist Resource(s)
  -------------------------------------------------------------------    -------------------
    V17                                               0.000     0.000 r  reset (IN)
                         net (fo=0)                   0.000     0.000    reset
    V17                  IBUF (Prop_ibuf_I_O)         1.453     1.453 r  reset_IBUF_inst/O
                         net (fo=34, routed)          3.250     4.703    divider/reset_IBUF
    SLICE_X31Y45         LUT6 (Prop_lut6_I0_O)        0.124     4.827 r  divider/count[0]_i_1/O
                         net (fo=27, routed)          0.659     5.485    divider/count[0]_i_1_n_0
    SLICE_X30Y48         FDRE                                         r  divider/count_reg[23]/R
  -------------------------------------------------------------------    -------------------

                         (clock sys_clk_pin rise edge)
                                                      0.000     0.000 r  
    W5                                                0.000     0.000 r  clk (IN)
                         net (fo=0)                   0.000     0.000    clk
    W5                   IBUF (Prop_ibuf_I_O)         1.388     1.388 r  clk_IBUF_inst/O
                         net (fo=1, routed)           1.862     3.250    clk_IBUF
    BUFGCTRL_X0Y1        BUFG (Prop_bufg_I_O)         0.091     3.341 r  clk_IBUF_BUFG_inst/O
                         net (fo=46, routed)          1.446     4.787    divider/CLK
    SLICE_X30Y48         FDRE                                         r  divider/count_reg[23]/C

Slack:                    inf
  Source:                 reset
                            (input port)
  Destination:            divider/count_reg[10]/R
                            (rising edge-triggered cell FDRE clocked by sys_clk_pin  {rise@0.000ns fall@5.000ns period=10.000ns})
  Path Group:             (none)
  Path Type:              Setup (Max at Slow Process Corner)
  Data Path Delay:        5.477ns  (logic 1.577ns (28.789%)  route 3.900ns (71.211%))
  Logic Levels:           2  (IBUF=1 LUT6=1)
  Clock Path Skew:        4.786ns (DCD - SCD + CPR)
    Destination Clock Delay (DCD):    4.786ns
    Source Clock Delay      (SCD):    0.000ns
    Clock Pessimism Removal (CPR):    0.000ns
  Clock Uncertainty:      0.025ns  ((TSJ^2 + TIJ^2)^1/2 + DJ) / 2 + PE
    Total System Jitter     (TSJ):    0.050ns
    Total Input Jitter      (TIJ):    0.000ns
    Discrete Jitter          (DJ):    0.000ns
    Phase Error              (PE):    0.000ns

    Location             Delay type                Incr(ns)  Path(ns)    Netlist Resource(s)
  -------------------------------------------------------------------    -------------------
    V17                                               0.000     0.000 r  reset (IN)
                         net (fo=0)                   0.000     0.000    reset
    V17                  IBUF (Prop_ibuf_I_O)         1.453     1.453 r  reset_IBUF_inst/O
                         net (fo=34, routed)          3.250     4.703    divider/reset_IBUF
    SLICE_X31Y45         LUT6 (Prop_lut6_I0_O)        0.124     4.827 r  divider/count[0]_i_1/O
                         net (fo=27, routed)          0.651     5.477    divider/count[0]_i_1_n_0
    SLICE_X30Y45         FDRE                                         r  divider/count_reg[10]/R
  -------------------------------------------------------------------    -------------------

                         (clock sys_clk_pin rise edge)
                                                      0.000     0.000 r  
    W5                                                0.000     0.000 r  clk (IN)
                         net (fo=0)                   0.000     0.000    clk
    W5                   IBUF (Prop_ibuf_I_O)         1.388     1.388 r  clk_IBUF_inst/O
                         net (fo=1, routed)           1.862     3.250    clk_IBUF
    BUFGCTRL_X0Y1        BUFG (Prop_bufg_I_O)         0.091     3.341 r  clk_IBUF_BUFG_inst/O
                         net (fo=46, routed)          1.445     4.786    divider/CLK
    SLICE_X30Y45         FDRE                                         r  divider/count_reg[10]/C

Slack:                    inf
  Source:                 reset
                            (input port)
  Destination:            divider/count_reg[11]/R
                            (rising edge-triggered cell FDRE clocked by sys_clk_pin  {rise@0.000ns fall@5.000ns period=10.000ns})
  Path Group:             (none)
  Path Type:              Setup (Max at Slow Process Corner)
  Data Path Delay:        5.477ns  (logic 1.577ns (28.789%)  route 3.900ns (71.211%))
  Logic Levels:           2  (IBUF=1 LUT6=1)
  Clock Path Skew:        4.786ns (DCD - SCD + CPR)
    Destination Clock Delay (DCD):    4.786ns
    Source Clock Delay      (SCD):    0.000ns
    Clock Pessimism Removal (CPR):    0.000ns
  Clock Uncertainty:      0.025ns  ((TSJ^2 + TIJ^2)^1/2 + DJ) / 2 + PE
    Total System Jitter     (TSJ):    0.050ns
    Total Input Jitter      (TIJ):    0.000ns
    Discrete Jitter          (DJ):    0.000ns
    Phase Error              (PE):    0.000ns

    Location             Delay type                Incr(ns)  Path(ns)    Netlist Resource(s)
  -------------------------------------------------------------------    -------------------
    V17                                               0.000     0.000 r  reset (IN)
                         net (fo=0)                   0.000     0.000    reset
    V17                  IBUF (Prop_ibuf_I_O)         1.453     1.453 r  reset_IBUF_inst/O
                         net (fo=34, routed)          3.250     4.703    divider/reset_IBUF
    SLICE_X31Y45         LUT6 (Prop_lut6_I0_O)        0.124     4.827 r  divider/count[0]_i_1/O
                         net (fo=27, routed)          0.651     5.477    divider/count[0]_i_1_n_0
    SLICE_X30Y45         FDRE                                         r  divider/count_reg[11]/R
  -------------------------------------------------------------------    -------------------

                         (clock sys_clk_pin rise edge)
                                                      0.000     0.000 r  
    W5                                                0.000     0.000 r  clk (IN)
                         net (fo=0)                   0.000     0.000    clk
    W5                   IBUF (Prop_ibuf_I_O)         1.388     1.388 r  clk_IBUF_inst/O
                         net (fo=1, routed)           1.862     3.250    clk_IBUF
    BUFGCTRL_X0Y1        BUFG (Prop_bufg_I_O)         0.091     3.341 r  clk_IBUF_BUFG_inst/O
                         net (fo=46, routed)          1.445     4.786    divider/CLK
    SLICE_X30Y45         FDRE                                         r  divider/count_reg[11]/C

Slack:                    inf
  Source:                 reset
                            (input port)
  Destination:            divider/count_reg[8]/R
                            (rising edge-triggered cell FDRE clocked by sys_clk_pin  {rise@0.000ns fall@5.000ns period=10.000ns})
  Path Group:             (none)
  Path Type:              Setup (Max at Slow Process Corner)
  Data Path Delay:        5.477ns  (logic 1.577ns (28.789%)  route 3.900ns (71.211%))
  Logic Levels:           2  (IBUF=1 LUT6=1)
  Clock Path Skew:        4.786ns (DCD - SCD + CPR)
    Destination Clock Delay (DCD):    4.786ns
    Source Clock Delay      (SCD):    0.000ns
    Clock Pessimism Removal (CPR):    0.000ns
  Clock Uncertainty:      0.025ns  ((TSJ^2 + TIJ^2)^1/2 + DJ) / 2 + PE
    Total System Jitter     (TSJ):    0.050ns
    Total Input Jitter      (TIJ):    0.000ns
    Discrete Jitter          (DJ):    0.000ns
    Phase Error              (PE):    0.000ns

    Location             Delay type                Incr(ns)  Path(ns)    Netlist Resource(s)
  -------------------------------------------------------------------    -------------------
    V17                                               0.000     0.000 r  reset (IN)
                         net (fo=0)                   0.000     0.000    reset
    V17                  IBUF (Prop_ibuf_I_O)         1.453     1.453 r  reset_IBUF_inst/O
                         net (fo=34, routed)          3.250     4.703    divider/reset_IBUF
    SLICE_X31Y45         LUT6 (Prop_lut6_I0_O)        0.124     4.827 r  divider/count[0]_i_1/O
                         net (fo=27, routed)          0.651     5.477    divider/count[0]_i_1_n_0
    SLICE_X30Y45         FDRE                                         r  divider/count_reg[8]/R
  -------------------------------------------------------------------    -------------------

                         (clock sys_clk_pin rise edge)
                                                      0.000     0.000 r  
    W5                                                0.000     0.000 r  clk (IN)
                         net (fo=0)                   0.000     0.000    clk
    W5                   IBUF (Prop_ibuf_I_O)         1.388     1.388 r  clk_IBUF_inst/O
                         net (fo=1, routed)           1.862     3.250    clk_IBUF
    BUFGCTRL_X0Y1        BUFG (Prop_bufg_I_O)         0.091     3.341 r  clk_IBUF_BUFG_inst/O
                         net (fo=46, routed)          1.445     4.786    divider/CLK
    SLICE_X30Y45         FDRE                                         r  divider/count_reg[8]/C





Min Delay Paths
--------------------------------------------------------------------------------------
Slack:                    inf
  Source:                 reset
                            (input port)
  Destination:            divider/clk1_reg/D
                            (rising edge-triggered cell FDRE clocked by sys_clk_pin  {rise@0.000ns fall@5.000ns period=10.000ns})
  Path Group:             (none)
  Path Type:              Hold (Min at Fast Process Corner)
  Data Path Delay:        1.609ns  (logic 0.266ns (16.531%)  route 1.343ns (83.469%))
  Logic Levels:           2  (IBUF=1 LUT4=1)
  Clock Path Skew:        1.959ns (DCD - SCD - CPR)
    Destination Clock Delay (DCD):    1.959ns
    Source Clock Delay      (SCD):    0.000ns
    Clock Pessimism Removal (CPR):    -0.000ns

    Location             Delay type                Incr(ns)  Path(ns)    Netlist Resource(s)
  -------------------------------------------------------------------    -------------------
    V17                                               0.000     0.000 f  reset (IN)
                         net (fo=0)                   0.000     0.000    reset
    V17                  IBUF (Prop_ibuf_I_O)         0.221     0.221 f  reset_IBUF_inst/O
                         net (fo=34, routed)          1.343     1.564    divider/reset_IBUF
    SLICE_X31Y45         LUT4 (Prop_lut4_I3_O)        0.045     1.609 r  divider/clk1_i_1/O
                         net (fo=1, routed)           0.000     1.609    divider/clk1_i_1_n_0
    SLICE_X31Y45         FDRE                                         r  divider/clk1_reg/D
  -------------------------------------------------------------------    -------------------

                         (clock sys_clk_pin rise edge)
                                                      0.000     0.000 r  
    W5                                                0.000     0.000 r  clk (IN)
                         net (fo=0)                   0.000     0.000    clk
    W5                   IBUF (Prop_ibuf_I_O)         0.414     0.414 r  clk_IBUF_inst/O
                         net (fo=1, routed)           0.685     1.099    clk_IBUF
    BUFGCTRL_X0Y1        BUFG (Prop_bufg_I_O)         0.029     1.128 r  clk_IBUF_BUFG_inst/O
                         net (fo=46, routed)          0.832     1.959    divider/CLK
    SLICE_X31Y45         FDRE                                         r  divider/clk1_reg/C

Slack:                    inf
  Source:                 reset
                            (input port)
  Destination:            divider/count_reg[12]/R
                            (rising edge-triggered cell FDRE clocked by sys_clk_pin  {rise@0.000ns fall@5.000ns period=10.000ns})
  Path Group:             (none)
  Path Type:              Hold (Min at Fast Process Corner)
  Data Path Delay:        1.828ns  (logic 0.266ns (14.550%)  route 1.562ns (85.450%))
  Logic Levels:           2  (IBUF=1 LUT6=1)
  Clock Path Skew:        1.959ns (DCD - SCD - CPR)
    Destination Clock Delay (DCD):    1.959ns
    Source Clock Delay      (SCD):    0.000ns
    Clock Pessimism Removal (CPR):    -0.000ns

    Location             Delay type                Incr(ns)  Path(ns)    Netlist Resource(s)
  -------------------------------------------------------------------    -------------------
    V17                                               0.000     0.000 r  reset (IN)
                         net (fo=0)                   0.000     0.000    reset
    V17                  IBUF (Prop_ibuf_I_O)         0.221     0.221 r  reset_IBUF_inst/O
                         net (fo=34, routed)          1.424     1.645    divider/reset_IBUF
    SLICE_X31Y45         LUT6 (Prop_lut6_I0_O)        0.045     1.690 r  divider/count[0]_i_1/O
                         net (fo=27, routed)          0.138     1.828    divider/count[0]_i_1_n_0
    SLICE_X30Y46         FDRE                                         r  divider/count_reg[12]/R
  -------------------------------------------------------------------    -------------------

                         (clock sys_clk_pin rise edge)
                                                      0.000     0.000 r  
    W5                                                0.000     0.000 r  clk (IN)
                         net (fo=0)                   0.000     0.000    clk
    W5                   IBUF (Prop_ibuf_I_O)         0.414     0.414 r  clk_IBUF_inst/O
                         net (fo=1, routed)           0.685     1.099    clk_IBUF
    BUFGCTRL_X0Y1        BUFG (Prop_bufg_I_O)         0.029     1.128 r  clk_IBUF_BUFG_inst/O
                         net (fo=46, routed)          0.832     1.959    divider/CLK
    SLICE_X30Y46         FDRE                                         r  divider/count_reg[12]/C

Slack:                    inf
  Source:                 reset
                            (input port)
  Destination:            divider/count_reg[13]/R
                            (rising edge-triggered cell FDRE clocked by sys_clk_pin  {rise@0.000ns fall@5.000ns period=10.000ns})
  Path Group:             (none)
  Path Type:              Hold (Min at Fast Process Corner)
  Data Path Delay:        1.828ns  (logic 0.266ns (14.550%)  route 1.562ns (85.450%))
  Logic Levels:           2  (IBUF=1 LUT6=1)
  Clock Path Skew:        1.959ns (DCD - SCD - CPR)
    Destination Clock Delay (DCD):    1.959ns
    Source Clock Delay      (SCD):    0.000ns
    Clock Pessimism Removal (CPR):    -0.000ns

    Location             Delay type                Incr(ns)  Path(ns)    Netlist Resource(s)
  -------------------------------------------------------------------    -------------------
    V17                                               0.000     0.000 r  reset (IN)
                         net (fo=0)                   0.000     0.000    reset
    V17                  IBUF (Prop_ibuf_I_O)         0.221     0.221 r  reset_IBUF_inst/O
                         net (fo=34, routed)          1.424     1.645    divider/reset_IBUF
    SLICE_X31Y45         LUT6 (Prop_lut6_I0_O)        0.045     1.690 r  divider/count[0]_i_1/O
                         net (fo=27, routed)          0.138     1.828    divider/count[0]_i_1_n_0
    SLICE_X30Y46         FDRE                                         r  divider/count_reg[13]/R
  -------------------------------------------------------------------    -------------------

                         (clock sys_clk_pin rise edge)
                                                      0.000     0.000 r  
    W5                                                0.000     0.000 r  clk (IN)
                         net (fo=0)                   0.000     0.000    clk
    W5                   IBUF (Prop_ibuf_I_O)         0.414     0.414 r  clk_IBUF_inst/O
                         net (fo=1, routed)           0.685     1.099    clk_IBUF
    BUFGCTRL_X0Y1        BUFG (Prop_bufg_I_O)         0.029     1.128 r  clk_IBUF_BUFG_inst/O
                         net (fo=46, routed)          0.832     1.959    divider/CLK
    SLICE_X30Y46         FDRE                                         r  divider/count_reg[13]/C

Slack:                    inf
  Source:                 reset
                            (input port)
  Destination:            divider/count_reg[14]/R
                            (rising edge-triggered cell FDRE clocked by sys_clk_pin  {rise@0.000ns fall@5.000ns period=10.000ns})
  Path Group:             (none)
  Path Type:              Hold (Min at Fast Process Corner)
  Data Path Delay:        1.828ns  (logic 0.266ns (14.550%)  route 1.562ns (85.450%))
  Logic Levels:           2  (IBUF=1 LUT6=1)
  Clock Path Skew:        1.959ns (DCD - SCD - CPR)
    Destination Clock Delay (DCD):    1.959ns
    Source Clock Delay      (SCD):    0.000ns
    Clock Pessimism Removal (CPR):    -0.000ns

    Location             Delay type                Incr(ns)  Path(ns)    Netlist Resource(s)
  -------------------------------------------------------------------    -------------------
    V17                                               0.000     0.000 r  reset (IN)
                         net (fo=0)                   0.000     0.000    reset
    V17                  IBUF (Prop_ibuf_I_O)         0.221     0.221 r  reset_IBUF_inst/O
                         net (fo=34, routed)          1.424     1.645    divider/reset_IBUF
    SLICE_X31Y45         LUT6 (Prop_lut6_I0_O)        0.045     1.690 r  divider/count[0]_i_1/O
                         net (fo=27, routed)          0.138     1.828    divider/count[0]_i_1_n_0
    SLICE_X30Y46         FDRE                                         r  divider/count_reg[14]/R
  -------------------------------------------------------------------    -------------------

                         (clock sys_clk_pin rise edge)
                                                      0.000     0.000 r  
    W5                                                0.000     0.000 r  clk (IN)
                         net (fo=0)                   0.000     0.000    clk
    W5                   IBUF (Prop_ibuf_I_O)         0.414     0.414 r  clk_IBUF_inst/O
                         net (fo=1, routed)           0.685     1.099    clk_IBUF
    BUFGCTRL_X0Y1        BUFG (Prop_bufg_I_O)         0.029     1.128 r  clk_IBUF_BUFG_inst/O
                         net (fo=46, routed)          0.832     1.959    divider/CLK
    SLICE_X30Y46         FDRE                                         r  divider/count_reg[14]/C

Slack:                    inf
  Source:                 reset
                            (input port)
  Destination:            divider/count_reg[15]/R
                            (rising edge-triggered cell FDRE clocked by sys_clk_pin  {rise@0.000ns fall@5.000ns period=10.000ns})
  Path Group:             (none)
  Path Type:              Hold (Min at Fast Process Corner)
  Data Path Delay:        1.828ns  (logic 0.266ns (14.550%)  route 1.562ns (85.450%))
  Logic Levels:           2  (IBUF=1 LUT6=1)
  Clock Path Skew:        1.959ns (DCD - SCD - CPR)
    Destination Clock Delay (DCD):    1.959ns
    Source Clock Delay      (SCD):    0.000ns
    Clock Pessimism Removal (CPR):    -0.000ns

    Location             Delay type                Incr(ns)  Path(ns)    Netlist Resource(s)
  -------------------------------------------------------------------    -------------------
    V17                                               0.000     0.000 r  reset (IN)
                         net (fo=0)                   0.000     0.000    reset
    V17                  IBUF (Prop_ibuf_I_O)         0.221     0.221 r  reset_IBUF_inst/O
                         net (fo=34, routed)          1.424     1.645    divider/reset_IBUF
    SLICE_X31Y45         LUT6 (Prop_lut6_I0_O)        0.045     1.690 r  divider/count[0]_i_1/O
                         net (fo=27, routed)          0.138     1.828    divider/count[0]_i_1_n_0
    SLICE_X30Y46         FDRE                                         r  divider/count_reg[15]/R
  -------------------------------------------------------------------    -------------------

                         (clock sys_clk_pin rise edge)
                                                      0.000     0.000 r  
    W5                                                0.000     0.000 r  clk (IN)
                         net (fo=0)                   0.000     0.000    clk
    W5                   IBUF (Prop_ibuf_I_O)         0.414     0.414 r  clk_IBUF_inst/O
                         net (fo=1, routed)           0.685     1.099    clk_IBUF
    BUFGCTRL_X0Y1        BUFG (Prop_bufg_I_O)         0.029     1.128 r  clk_IBUF_BUFG_inst/O
                         net (fo=46, routed)          0.832     1.959    divider/CLK
    SLICE_X30Y46         FDRE                                         r  divider/count_reg[15]/C

Slack:                    inf
  Source:                 reset
                            (input port)
  Destination:            divider/count_reg[0]/R
                            (rising edge-triggered cell FDRE clocked by sys_clk_pin  {rise@0.000ns fall@5.000ns period=10.000ns})
  Path Group:             (none)
  Path Type:              Hold (Min at Fast Process Corner)
  Data Path Delay:        1.891ns  (logic 0.266ns (14.064%)  route 1.625ns (85.936%))
  Logic Levels:           2  (IBUF=1 LUT6=1)
  Clock Path Skew:        1.959ns (DCD - SCD - CPR)
    Destination Clock Delay (DCD):    1.959ns
    Source Clock Delay      (SCD):    0.000ns
    Clock Pessimism Removal (CPR):    -0.000ns

    Location             Delay type                Incr(ns)  Path(ns)    Netlist Resource(s)
  -------------------------------------------------------------------    -------------------
    V17                                               0.000     0.000 r  reset (IN)
                         net (fo=0)                   0.000     0.000    reset
    V17                  IBUF (Prop_ibuf_I_O)         0.221     0.221 r  reset_IBUF_inst/O
                         net (fo=34, routed)          1.424     1.645    divider/reset_IBUF
    SLICE_X31Y45         LUT6 (Prop_lut6_I0_O)        0.045     1.690 r  divider/count[0]_i_1/O
                         net (fo=27, routed)          0.201     1.891    divider/count[0]_i_1_n_0
    SLICE_X30Y43         FDRE                                         r  divider/count_reg[0]/R
  -------------------------------------------------------------------    -------------------

                         (clock sys_clk_pin rise edge)
                                                      0.000     0.000 r  
    W5                                                0.000     0.000 r  clk (IN)
                         net (fo=0)                   0.000     0.000    clk
    W5                   IBUF (Prop_ibuf_I_O)         0.414     0.414 r  clk_IBUF_inst/O
                         net (fo=1, routed)           0.685     1.099    clk_IBUF
    BUFGCTRL_X0Y1        BUFG (Prop_bufg_I_O)         0.029     1.128 r  clk_IBUF_BUFG_inst/O
                         net (fo=46, routed)          0.832     1.959    divider/CLK
    SLICE_X30Y43         FDRE                                         r  divider/count_reg[0]/C

Slack:                    inf
  Source:                 reset
                            (input port)
  Destination:            divider/count_reg[1]/R
                            (rising edge-triggered cell FDRE clocked by sys_clk_pin  {rise@0.000ns fall@5.000ns period=10.000ns})
  Path Group:             (none)
  Path Type:              Hold (Min at Fast Process Corner)
  Data Path Delay:        1.891ns  (logic 0.266ns (14.064%)  route 1.625ns (85.936%))
  Logic Levels:           2  (IBUF=1 LUT6=1)
  Clock Path Skew:        1.959ns (DCD - SCD - CPR)
    Destination Clock Delay (DCD):    1.959ns
    Source Clock Delay      (SCD):    0.000ns
    Clock Pessimism Removal (CPR):    -0.000ns

    Location             Delay type                Incr(ns)  Path(ns)    Netlist Resource(s)
  -------------------------------------------------------------------    -------------------
    V17                                               0.000     0.000 r  reset (IN)
                         net (fo=0)                   0.000     0.000    reset
    V17                  IBUF (Prop_ibuf_I_O)         0.221     0.221 r  reset_IBUF_inst/O
                         net (fo=34, routed)          1.424     1.645    divider/reset_IBUF
    SLICE_X31Y45         LUT6 (Prop_lut6_I0_O)        0.045     1.690 r  divider/count[0]_i_1/O
                         net (fo=27, routed)          0.201     1.891    divider/count[0]_i_1_n_0
    SLICE_X30Y43         FDRE                                         r  divider/count_reg[1]/R
  -------------------------------------------------------------------    -------------------

                         (clock sys_clk_pin rise edge)
                                                      0.000     0.000 r  
    W5                                                0.000     0.000 r  clk (IN)
                         net (fo=0)                   0.000     0.000    clk
    W5                   IBUF (Prop_ibuf_I_O)         0.414     0.414 r  clk_IBUF_inst/O
                         net (fo=1, routed)           0.685     1.099    clk_IBUF
    BUFGCTRL_X0Y1        BUFG (Prop_bufg_I_O)         0.029     1.128 r  clk_IBUF_BUFG_inst/O
                         net (fo=46, routed)          0.832     1.959    divider/CLK
    SLICE_X30Y43         FDRE                                         r  divider/count_reg[1]/C

Slack:                    inf
  Source:                 reset
                            (input port)
  Destination:            divider/count_reg[2]/R
                            (rising edge-triggered cell FDRE clocked by sys_clk_pin  {rise@0.000ns fall@5.000ns period=10.000ns})
  Path Group:             (none)
  Path Type:              Hold (Min at Fast Process Corner)
  Data Path Delay:        1.891ns  (logic 0.266ns (14.064%)  route 1.625ns (85.936%))
  Logic Levels:           2  (IBUF=1 LUT6=1)
  Clock Path Skew:        1.959ns (DCD - SCD - CPR)
    Destination Clock Delay (DCD):    1.959ns
    Source Clock Delay      (SCD):    0.000ns
    Clock Pessimism Removal (CPR):    -0.000ns

    Location             Delay type                Incr(ns)  Path(ns)    Netlist Resource(s)
  -------------------------------------------------------------------    -------------------
    V17                                               0.000     0.000 r  reset (IN)
                         net (fo=0)                   0.000     0.000    reset
    V17                  IBUF (Prop_ibuf_I_O)         0.221     0.221 r  reset_IBUF_inst/O
                         net (fo=34, routed)          1.424     1.645    divider/reset_IBUF
    SLICE_X31Y45         LUT6 (Prop_lut6_I0_O)        0.045     1.690 r  divider/count[0]_i_1/O
                         net (fo=27, routed)          0.201     1.891    divider/count[0]_i_1_n_0
    SLICE_X30Y43         FDRE                                         r  divider/count_reg[2]/R
  -------------------------------------------------------------------    -------------------

                         (clock sys_clk_pin rise edge)
                                                      0.000     0.000 r  
    W5                                                0.000     0.000 r  clk (IN)
                         net (fo=0)                   0.000     0.000    clk
    W5                   IBUF (Prop_ibuf_I_O)         0.414     0.414 r  clk_IBUF_inst/O
                         net (fo=1, routed)           0.685     1.099    clk_IBUF
    BUFGCTRL_X0Y1        BUFG (Prop_bufg_I_O)         0.029     1.128 r  clk_IBUF_BUFG_inst/O
                         net (fo=46, routed)          0.832     1.959    divider/CLK
    SLICE_X30Y43         FDRE                                         r  divider/count_reg[2]/C

Slack:                    inf
  Source:                 reset
                            (input port)
  Destination:            divider/count_reg[3]/R
                            (rising edge-triggered cell FDRE clocked by sys_clk_pin  {rise@0.000ns fall@5.000ns period=10.000ns})
  Path Group:             (none)
  Path Type:              Hold (Min at Fast Process Corner)
  Data Path Delay:        1.891ns  (logic 0.266ns (14.064%)  route 1.625ns (85.936%))
  Logic Levels:           2  (IBUF=1 LUT6=1)
  Clock Path Skew:        1.959ns (DCD - SCD - CPR)
    Destination Clock Delay (DCD):    1.959ns
    Source Clock Delay      (SCD):    0.000ns
    Clock Pessimism Removal (CPR):    -0.000ns

    Location             Delay type                Incr(ns)  Path(ns)    Netlist Resource(s)
  -------------------------------------------------------------------    -------------------
    V17                                               0.000     0.000 r  reset (IN)
                         net (fo=0)                   0.000     0.000    reset
    V17                  IBUF (Prop_ibuf_I_O)         0.221     0.221 r  reset_IBUF_inst/O
                         net (fo=34, routed)          1.424     1.645    divider/reset_IBUF
    SLICE_X31Y45         LUT6 (Prop_lut6_I0_O)        0.045     1.690 r  divider/count[0]_i_1/O
                         net (fo=27, routed)          0.201     1.891    divider/count[0]_i_1_n_0
    SLICE_X30Y43         FDRE                                         r  divider/count_reg[3]/R
  -------------------------------------------------------------------    -------------------

                         (clock sys_clk_pin rise edge)
                                                      0.000     0.000 r  
    W5                                                0.000     0.000 r  clk (IN)
                         net (fo=0)                   0.000     0.000    clk
    W5                   IBUF (Prop_ibuf_I_O)         0.414     0.414 r  clk_IBUF_inst/O
                         net (fo=1, routed)           0.685     1.099    clk_IBUF
    BUFGCTRL_X0Y1        BUFG (Prop_bufg_I_O)         0.029     1.128 r  clk_IBUF_BUFG_inst/O
                         net (fo=46, routed)          0.832     1.959    divider/CLK
    SLICE_X30Y43         FDRE                                         r  divider/count_reg[3]/C

Slack:                    inf
  Source:                 reset
                            (input port)
  Destination:            divider/count_reg[16]/R
                            (rising edge-triggered cell FDRE clocked by sys_clk_pin  {rise@0.000ns fall@5.000ns period=10.000ns})
  Path Group:             (none)
  Path Type:              Hold (Min at Fast Process Corner)
  Data Path Delay:        1.891ns  (logic 0.266ns (14.063%)  route 1.625ns (85.937%))
  Logic Levels:           2  (IBUF=1 LUT6=1)
  Clock Path Skew:        1.960ns (DCD - SCD - CPR)
    Destination Clock Delay (DCD):    1.960ns
    Source Clock Delay      (SCD):    0.000ns
    Clock Pessimism Removal (CPR):    -0.000ns

    Location             Delay type                Incr(ns)  Path(ns)    Netlist Resource(s)
  -------------------------------------------------------------------    -------------------
    V17                                               0.000     0.000 r  reset (IN)
                         net (fo=0)                   0.000     0.000    reset
    V17                  IBUF (Prop_ibuf_I_O)         0.221     0.221 r  reset_IBUF_inst/O
                         net (fo=34, routed)          1.424     1.645    divider/reset_IBUF
    SLICE_X31Y45         LUT6 (Prop_lut6_I0_O)        0.045     1.690 r  divider/count[0]_i_1/O
                         net (fo=27, routed)          0.201     1.891    divider/count[0]_i_1_n_0
    SLICE_X30Y47         FDRE                                         r  divider/count_reg[16]/R
  -------------------------------------------------------------------    -------------------

                         (clock sys_clk_pin rise edge)
                                                      0.000     0.000 r  
    W5                                                0.000     0.000 r  clk (IN)
                         net (fo=0)                   0.000     0.000    clk
    W5                   IBUF (Prop_ibuf_I_O)         0.414     0.414 r  clk_IBUF_inst/O
                         net (fo=1, routed)           0.685     1.099    clk_IBUF
    BUFGCTRL_X0Y1        BUFG (Prop_bufg_I_O)         0.029     1.128 r  clk_IBUF_BUFG_inst/O
                         net (fo=46, routed)          0.833     1.960    divider/CLK
    SLICE_X30Y47         FDRE                                         r  divider/count_reg[16]/C





